Date,Open,High,Low,Close,Volume,Dividends,Stock Splits
2020-12-28,2339.0,2339.0,2339.0,2339.0,2,0,0
2020-12-29,2331.5,2331.5,2331.5,2331.5,1,0,0
2020-12-30,2373.10009765625,2373.10009765625,2373.10009765625,2373.10009765625,1,0,0
2020-12-31,2448.5,2448.5,2448.5,2448.5,1,0,0
2021-01-04,2385.89990234375,2385.89990234375,2385.89990234375,2385.89990234375,1,0,0
2021-01-05,2488.10009765625,2488.10009765625,2488.10009765625,2488.10009765625,1,0,0
2021-01-06,2442.800048828125,2442.800048828125,2442.800048828125,2442.800048828125,1,0,0
2021-01-07,2426.300048828125,2426.300048828125,2426.300048828125,2426.300048828125,1,0,0
2021-01-08,2359.699951171875,2359.699951171875,2359.699951171875,2359.699951171875,1,0,0
2021-01-11,2373.5,2373.5,2373.5,2373.5,1,0,0
2021-01-12,2370.89990234375,2370.89990234375,2370.89990234375,2370.89990234375,1,0,0
2021-01-13,2391.800048828125,2391.800048828125,2391.800048828125,2391.800048828125,1,0,0
2021-01-14,2418.0,2418.0,2418.0,2418.0,1,0,0
2021-01-15,2389.800048828125,2389.800048828125,2389.800048828125,2389.800048828125,23,0,0
2021-01-19,2359.699951171875,2359.699951171875,2359.699951171875,2359.699951171875,0,0,0
2021-01-20,2397.89990234375,2397.89990234375,2397.89990234375,2397.89990234375,0,0,0
2021-01-21,2369.800048828125,2369.800048828125,2369.800048828125,2369.800048828125,0,0,0
2021-01-22,2359.89990234375,2359.89990234375,2359.89990234375,2359.89990234375,0,0,0
2021-01-25,2341.60009765625,2341.60009765625,2341.60009765625,2341.60009765625,0,0,0
2021-01-26,2319.699951171875,2319.699951171875,2319.699951171875,2319.699951171875,0,0,0
2021-01-27,2305.199951171875,2305.199951171875,2305.199951171875,2305.199951171875,0,0,0
2021-02-01,2240.39990234375,2240.39990234375,2240.39990234375,2240.39990234375,0,0,0
2021-02-02,2226.39990234375,2226.39990234375,2226.39990234375,2226.39990234375,0,0,0
2021-02-03,2275.300048828125,2275.300048828125,2275.300048828125,2275.300048828125,0,0,0
2021-02-04,2279.39990234375,2279.39990234375,2279.39990234375,2279.39990234375,0,0,0
2021-02-05,2325.0,2325.0,2325.0,2325.0,0,0,0
2021-02-08,2335.39990234375,2335.39990234375,2335.39990234375,2335.39990234375,0,0,0
2021-02-09,2319.300048828125,2319.300048828125,2319.300048828125,2319.300048828125,0,0,0
2021-02-10,2351.199951171875,2351.199951171875,2351.199951171875,2351.199951171875,0,0,0
2021-02-11,2345.699951171875,2345.699951171875,2345.699951171875,2345.699951171875,0,0,0
2021-02-12,2381.300048828125,2381.300048828125,2381.300048828125,2381.300048828125,0,0,0
2021-02-16,2386.89990234375,2386.89990234375,2386.89990234375,2386.89990234375,0,0,0
2021-02-17,2368.39990234375,2368.39990234375,2368.39990234375,2368.39990234375,0,0,0
2021-02-18,2347.5,2347.5,2347.5,2347.5,0,0,0
2021-02-19,2367.89990234375,2367.89990234375,2367.89990234375,2367.89990234375,0,0,0
2021-02-22,2390.800048828125,2390.800048828125,2390.800048828125,2390.800048828125,0,0,0
2021-02-23,2333.800048828125,2333.800048828125,2333.800048828125,2333.800048828125,30,0,0
2021-02-24,2420.800048828125,2420.800048828125,2420.800048828125,2420.800048828125,63,0,0
2021-03-01,2310.0,2347.5,2309.5,2344.60009765625,14,0,0
2021-03-02,2365.199951171875,2365.199951171875,2365.199951171875,2365.199951171875,0,0,0
2021-03-03,2350.89990234375,2350.89990234375,2350.89990234375,2350.89990234375,6,0,0
2021-03-04,2339.10009765625,2339.10009765625,2339.10009765625,2339.10009765625,0,0,0
2021-03-05,2325.699951171875,2325.699951171875,2325.699951171875,2325.699951171875,0,0,0
2021-03-08,2310.5,2310.5,2310.5,2310.5,0,0,0
2021-03-09,2288.800048828125,2288.800048828125,2288.800048828125,2288.800048828125,0,0,0
2021-03-10,2289.0,2289.0,2289.0,2289.0,0,0,0
2021-03-11,2337.5,2337.5,2337.5,2337.5,0,0,0
2021-03-12,2356.60009765625,2356.60009765625,2356.60009765625,2356.60009765625,0,0,0
2021-03-15,2369.60009765625,2369.60009765625,2369.60009765625,2369.60009765625,0,0,0
2021-03-16,2487.800048828125,2487.800048828125,2465.0,2487.800048828125,1,0,0
2021-03-17,2533.800048828125,2533.800048828125,2533.800048828125,2533.800048828125,0,0,0
2021-03-18,2658.300048828125,2658.300048828125,2658.300048828125,2658.300048828125,0,0,0
2021-03-19,2626.60009765625,2626.60009765625,2626.60009765625,2626.60009765625,2,0,0
2021-03-22,2595.89990234375,2595.89990234375,2595.89990234375,2595.89990234375,0,0,0
2021-03-23,2626.5,2626.5,2612.60009765625,2612.60009765625,2,0,0
2021-03-24,2632.0,2635.300048828125,2632.0,2635.300048828125,1,0,0
2021-03-25,2635.0,2635.0,2610.699951171875,2610.699951171875,1,0,0
2021-03-26,2660.0,2670.39990234375,2660.0,2670.39990234375,3,0,0
2021-03-29,2525.0,2525.0,2525.0,2525.0,0,0,0
2021-04-01,2653.39990234375,2653.39990234375,2653.39990234375,2653.39990234375,0,0,0
2021-04-05,2652.300048828125,2652.300048828125,2652.300048828125,2652.300048828125,0,0,0
2021-04-06,2687.800048828125,2687.800048828125,2687.800048828125,2687.800048828125,0,0,0
2021-04-07,2618.699951171875,2618.699951171875,2618.699951171875,2618.699951171875,0,0,0
2021-04-08,2623.0,2623.0,2623.0,2623.0,0,0,0
2021-04-09,2630.699951171875,2630.699951171875,2630.699951171875,2630.699951171875,0,0,0
2021-04-12,2666.60009765625,2666.60009765625,2666.60009765625,2666.60009765625,0,0,0
2021-04-13,2691.60009765625,2691.60009765625,2691.60009765625,2691.60009765625,0,0,0
2021-04-14,2674.10009765625,2674.10009765625,2674.10009765625,2674.10009765625,0,0,0
2021-04-15,2734.10009765625,2734.10009765625,2734.10009765625,2734.10009765625,0,0,0
2021-04-16,2769.39990234375,2769.39990234375,2769.39990234375,2769.39990234375,0,0,0
2021-04-19,2808.300048828125,2808.300048828125,2808.300048828125,2808.300048828125,0,0,0
2021-04-20,2752.10009765625,2752.10009765625,2752.10009765625,2752.10009765625,0,0,0
2021-04-21,2870.300048828125,2870.300048828125,2870.300048828125,2870.300048828125,0,0,0
2021-04-22,2837.60009765625,2837.60009765625,2837.60009765625,2837.60009765625,0,0,0
2021-04-23,2851.699951171875,2851.699951171875,2851.699951171875,2851.699951171875,0,0,0
2021-04-26,2904.0,2904.0,2904.0,2904.0,0,0,0
2021-04-27,2947.300048828125,2947.300048828125,2947.300048828125,2947.300048828125,0,0,0
2021-04-28,2924.89990234375,2924.89990234375,2924.89990234375,2924.89990234375,0,0,0
2021-05-03,2985.39990234375,2985.39990234375,2985.39990234375,2985.39990234375,0,0,0
2021-05-04,2981.60009765625,2981.60009765625,2981.60009765625,2981.60009765625,0,0,0
2021-05-05,2976.800048828125,2976.800048828125,2976.800048828125,2976.800048828125,0,0,0
2021-05-06,2951.39990234375,2951.39990234375,2951.39990234375,2951.39990234375,0,0,0
2021-05-07,2929.10009765625,2929.10009765625,2929.10009765625,2929.10009765625,0,0,0
2021-05-10,2972.10009765625,2972.10009765625,2972.10009765625,2972.10009765625,0,0,0
2021-05-11,2923.199951171875,2923.199951171875,2923.199951171875,2923.199951171875,0,0,0
2021-05-12,2846.0,2846.0,2846.0,2846.0,0,0,0
2021-05-13,2861.60009765625,2861.60009765625,2861.60009765625,2861.60009765625,0,0,0
2021-05-14,2891.60009765625,2891.60009765625,2891.60009765625,2891.60009765625,0,0,0
2021-05-17,2892.89990234375,2892.89990234375,2892.89990234375,2892.89990234375,0,0,0
2021-05-18,2903.39990234375,2903.39990234375,2903.39990234375,2903.39990234375,0,0,0
2021-05-19,2885.10009765625,2885.10009765625,2885.10009765625,2885.10009765625,0,0,0
2021-05-20,2870.5,2870.5,2870.5,2870.5,0,0,0
2021-05-21,2775.300048828125,2775.300048828125,2775.300048828125,2775.300048828125,0,0,0
2021-05-24,2730.10009765625,2730.10009765625,2730.10009765625,2730.10009765625,0,0,0
2021-05-25,2777.5,2777.5,2777.5,2777.5,0,0,0
2021-05-26,2748.5,2748.5,2748.5,2748.5,38,0,0
2021-06-01,2830.0,2856.699951171875,2830.0,2856.699951171875,3,0,0
2021-06-02,2862.0,2862.0,2862.0,2862.0,2,0,0
2021-06-03,2817.0,2822.699951171875,2804.0,2822.699951171875,4,0,0
2021-06-04,2827.0,2837.89990234375,2827.0,2837.89990234375,2,0,0
2021-06-07,2833.39990234375,2833.39990234375,2833.39990234375,2833.39990234375,0,0,0
2021-06-08,2802.60009765625,2802.60009765625,2802.60009765625,2802.60009765625,0,0,0
2021-06-09,2800.0,2800.0,2769.0,2770.0,3,0,0
2021-06-10,2768.0,2774.699951171875,2768.0,2774.699951171875,2,0,0
2021-06-11,2777.699951171875,2777.699951171875,2777.699951171875,2777.699951171875,0,0,0
2021-06-14,2753.60009765625,2753.60009765625,2753.60009765625,2753.60009765625,0,0,0
2021-06-15,2761.800048828125,2761.800048828125,2761.800048828125,2761.800048828125,0,0,0
2021-06-16,2805.5,2834.0,2805.5,2834.0,1,0,0
2021-06-17,2766.5,2769.0,2509.60009765625,2509.60009765625,13,0,0
2021-06-18,2516.0,2520.0,2461.0,2465.699951171875,14,0,0
2021-06-21,2540.0,2553.199951171875,2540.0,2553.199951171875,3,0,0
2021-06-22,2554.699951171875,2555.5,2550.0,2554.699951171875,2,0,0
2021-06-23,2587.5,2626.300048828125,2587.5,2626.300048828125,1,0,0
2021-06-24,2612.0,2639.800048828125,2597.5,2639.800048828125,11,0,0
2021-06-25,2633.300048828125,2633.300048828125,2633.300048828125,2633.300048828125,0,0,0
2021-06-28,2695.89990234375,2695.89990234375,2695.89990234375,2695.89990234375,0,0,0
2021-06-29,2679.39990234375,2679.39990234375,2679.39990234375,2679.39990234375,0,0,0
2021-06-30,2777.39990234375,2777.39990234375,2777.39990234375,2777.39990234375,0,0,0
2021-07-01,2767.10009765625,2767.10009765625,2767.10009765625,2767.10009765625,0,0,0
2021-07-02,2790.699951171875,2790.699951171875,2790.699951171875,2790.699951171875,0,0,0
2021-07-06,2794.300048828125,2794.300048828125,2794.300048828125,2794.300048828125,0,0,0
2021-07-07,2846.5,2846.5,2846.5,2846.5,0,0,0
2021-07-08,2808.39990234375,2808.39990234375,2808.39990234375,2808.39990234375,0,0,0
2021-07-09,2810.199951171875,2810.199951171875,2810.199951171875,2810.199951171875,0,0,0
2021-07-12,2857.5,2857.5,2857.5,2857.5,0,0,0
2021-07-13,2830.699951171875,2830.699951171875,2830.699951171875,2830.699951171875,0,0,0
2021-07-14,2824.5,2824.5,2824.5,2824.5,0,0,0
2021-07-15,2727.5,2727.5,2727.5,2727.5,0,0,0
2021-07-16,2635.5,2635.5,2635.5,2635.5,0,0,0
2021-07-19,2590.89990234375,2590.89990234375,2590.89990234375,2590.89990234375,0,0,0
2021-07-20,2638.60009765625,2638.60009765625,2638.60009765625,2638.60009765625,0,0,0
2021-07-21,2653.10009765625,2653.10009765625,2653.10009765625,2653.10009765625,0,0,0
2021-07-22,2702.800048828125,2702.800048828125,2702.800048828125,2702.800048828125,0,0,0
2021-07-23,2660.60009765625,2660.60009765625,2660.60009765625,2660.60009765625,0,0,0
2021-07-26,2676.300048828125,2676.300048828125,2676.300048828125,2676.300048828125,0,0,0
2021-07-27,2604.89990234375,2604.89990234375,2604.89990234375,2604.89990234375,0,0,0
2021-07-28,2620.800048828125,2620.800048828125,2620.800048828125,2620.800048828125,0,0,0
2021-07-29,2642.699951171875,2642.699951171875,2642.699951171875,2642.699951171875,0,0,0
2021-07-30,2655.800048828125,2655.800048828125,2655.800048828125,2655.800048828125,0,0,0
2021-08-02,2683.699951171875,2683.699951171875,2683.699951171875,2683.699951171875,0,0,0
2021-08-03,2644.89990234375,2644.89990234375,2644.89990234375,2644.89990234375,0,0,0
2021-08-04,2651.300048828125,2651.300048828125,2651.300048828125,2651.300048828125,0,0,0
2021-08-05,2654.699951171875,2654.699951171875,2654.699951171875,2654.699951171875,0,0,0
2021-08-06,2629.699951171875,2629.699951171875,2629.699951171875,2629.699951171875,0,0,0
2021-08-09,2601.699951171875,2601.699951171875,2601.699951171875,2601.699951171875,0,0,0
2021-08-10,2649.60009765625,2649.60009765625,2649.60009765625,2649.60009765625,0,0,0
2021-08-11,2632.39990234375,2632.39990234375,2632.39990234375,2632.39990234375,0,0,0
2021-08-12,2623.5,2623.5,2623.5,2623.5,0,0,0
2021-08-13,2656.10009765625,2656.10009765625,2656.10009765625,2656.10009765625,0,0,0
2021-08-16,2597.60009765625,2597.60009765625,2597.60009765625,2597.60009765625,0,0,0
2021-08-17,2493.800048828125,2493.800048828125,2493.800048828125,2493.800048828125,0,0,0
2021-08-18,2421.5,2421.5,2421.5,2421.5,0,0,0
2021-08-19,2296.10009765625,2296.10009765625,2296.10009765625,2296.10009765625,0,0,0
2021-08-20,2288.0,2288.0,2274.699951171875,2274.699951171875,1,0,0
2021-08-23,2383.300048828125,2383.300048828125,2383.300048828125,2383.300048828125,1,0,0
2021-08-24,2440.699951171875,2440.699951171875,2440.699951171875,2440.699951171875,1,0,0
2021-08-25,2428.89990234375,2428.89990234375,2428.89990234375,2428.89990234375,1,0,0
2021-08-26,2386.5,2386.5,2386.5,2386.5,1,0,0
2021-08-27,2402.199951171875,2402.199951171875,2402.199951171875,2402.199951171875,1389,0,0
2021-08-30,2414.0,2495.5,2404.0,2476.10009765625,374,0,0
2021-08-31,2470.0,2489.5,2462.0,2468.300048828125,103,0,0
2021-09-01,2466.0,2485.5,2426.5,2438.39990234375,21,0,0
2021-09-02,2405.5,2405.5,2397.39990234375,2397.39990234375,3,0,0
2021-09-03,2399.0,2414.39990234375,2397.0,2414.39990234375,4,0,0
2021-09-07,2422.0,2422.0,2341.0,2351.199951171875,27,0,0
2021-09-08,2222.0,2235.5,2222.0,2235.5,12,0,0
2021-09-09,2139.800048828125,2139.800048828125,2139.800048828125,2139.800048828125,12,0,0
2021-09-10,2204.0,2204.0,2123.0,2123.0,1,0,0
2021-09-13,2100.0,2100.0,2063.0,2076.60009765625,4,0,0
2021-09-14,1979.0,1979.0,1972.5999755859373,1972.5999755859373,2,0,0
2021-09-15,1990.199951171875,1990.199951171875,1990.199951171875,1990.199951171875,0,0,0
2021-09-16,2018.9000244140625,2018.9000244140625,2018.9000244140625,2018.9000244140625,0,0,0
2021-09-17,1981.199951171875,1981.199951171875,1981.199951171875,1981.199951171875,0,0,0
2021-09-20,1880.0,1880.0,1860.5,1865.199951171875,39,0,0
2021-09-21,1885.0,1894.5,1885.0,1894.5,1,0,0
2021-09-22,2036.199951171875,2036.199951171875,2036.199951171875,2036.199951171875,0,0,0
2021-09-23,1971.800048828125,1971.800048828125,1971.800048828125,1971.800048828125,0,0,0
2021-09-24,1939.0,1951.0999755859373,1939.0,1951.0999755859373,1,0,0
2021-09-27,1947.699951171875,1947.699951171875,1947.699951171875,1947.699951171875,0,0,0
2021-09-28,1923.0,1923.0,1854.199951171875,1854.199951171875,2,0,0
2021-09-29,1853.5,1853.5,1833.0999755859373,1833.0999755859373,1,0,0
2021-09-30,1902.5999755859373,1902.5999755859373,1902.5999755859373,1902.5999755859373,0,0,0
2021-10-01,1906.5,1906.5,1906.5,1906.5,0,0,0
2021-10-04,1877.800048828125,1877.800048828125,1877.800048828125,1877.800048828125,0,0,0
2021-10-05,1902.199951171875,1902.199951171875,1902.199951171875,1902.199951171875,0,0,0
2021-10-06,1870.5999755859373,1870.5999755859373,1870.5999755859373,1870.5999755859373,0,0,0
2021-10-07,1957.800048828125,1957.800048828125,1957.800048828125,1957.800048828125,0,0,0
2021-10-08,2075.800048828125,2075.800048828125,2075.800048828125,2075.800048828125,0,0,0
2021-10-11,2122.300048828125,2122.300048828125,2122.300048828125,2122.300048828125,0,0,0
2021-10-12,2050.60009765625,2050.60009765625,2050.60009765625,2050.60009765625,0,0,0
2021-10-13,2108.89990234375,2108.89990234375,2108.89990234375,2108.89990234375,0,0,0
2021-10-14,2153.699951171875,2153.699951171875,2153.699951171875,2153.699951171875,0,0,0
2021-10-15,2079.39990234375,2079.39990234375,2079.39990234375,2079.39990234375,0,0,0
2021-10-18,2015.9000244140625,2015.9000244140625,2015.9000244140625,2015.9000244140625,0,0,0
2021-10-19,2103.699951171875,2103.699951171875,2103.699951171875,2103.699951171875,0,0,0
2021-10-20,2085.199951171875,2085.199951171875,2085.199951171875,2085.199951171875,0,0,0
2021-10-21,2020.9000244140625,2020.9000244140625,2020.9000244140625,2020.9000244140625,0,0,0
2021-10-22,2038.4000244140625,2038.4000244140625,2038.4000244140625,2038.4000244140625,0,0,0
2021-10-25,2051.0,2051.0,2051.0,2051.0,0,0,0
2021-10-26,2007.5999755859373,2007.5999755859373,2007.5999755859373,2007.5999755859373,0,0,0
2021-10-27,1977.0999755859373,1977.0999755859373,1977.0999755859373,1977.0999755859373,0,0,0
2021-10-28,1995.199951171875,1995.199951171875,1995.199951171875,1995.199951171875,0,0,0
2021-10-29,1986.0999755859373,1986.0999755859373,1986.0999755859373,1986.0999755859373,0,0,0
2021-11-01,2058.10009765625,2058.10009765625,2058.10009765625,2058.10009765625,0,0,0
2021-11-02,2013.199951171875,2013.199951171875,2013.199951171875,2013.199951171875,0,0,0
2021-11-03,1984.0999755859373,1984.0999755859373,1984.0999755859373,1984.0999755859373,0,0,0
2021-11-04,1993.300048828125,1993.300048828125,1993.300048828125,1993.300048828125,0,0,0
2021-11-05,2024.5,2024.5,2024.5,2024.5,0,0,0
2021-11-08,2074.60009765625,2074.60009765625,2074.60009765625,2074.60009765625,0,0,0
2021-11-09,2019.0,2019.0,2019.0,2019.0,0,0,0
2021-11-10,2035.800048828125,2035.800048828125,2035.800048828125,2035.800048828125,0,0,0
2021-11-11,2059.5,2059.5,2059.5,2059.5,0,0,0
2021-11-12,2114.60009765625,2114.60009765625,2114.60009765625,2114.60009765625,0,0,0
2021-11-15,2153.0,2153.0,2153.0,2153.0,0,0,0
2021-11-16,2164.5,2164.5,2164.5,2164.5,0,0,0
2021-11-17,2181.39990234375,2181.39990234375,2181.39990234375,2181.39990234375,0,0,0
2021-11-18,2134.300048828125,2134.300048828125,2134.300048828125,2134.300048828125,0,0,0
2021-11-19,2070.10009765625,2070.10009765625,2070.10009765625,2070.10009765625,0,0,0
2021-11-22,1947.5,1947.5,1947.5,1947.5,0,0,0
2021-11-23,1847.199951171875,1847.199951171875,1847.199951171875,1847.199951171875,0,0,0
2021-11-24,1844.800048828125,1844.800048828125,1844.800048828125,1844.800048828125,0,0,0
2021-11-26,1786.0,1786.0,1786.0,1786.0,3246,0,0
2021-11-29,1727.0,1797.0,1727.0,1784.199951171875,560,0,0
2021-11-30,1749.5,1783.0,1703.0999755859375,1703.0999755859375,98,0,0
2021-12-01,1738.0,1751.0999755859375,1738.0,1751.0999755859375,11,0,0
2021-12-02,1740.0,1772.0,1740.0,1769.9000244140625,3,0,0
2021-12-03,1811.0999755859373,1811.0999755859373,1811.0999755859373,1811.0999755859373,0,0,0
2021-12-06,1844.199951171875,1844.199951171875,1844.199951171875,1844.199951171875,0,0,0
2021-12-07,1845.5,1845.5,1845.5,1845.5,2,0,0
2021-12-08,1851.0,1851.0,1851.0,1851.0,0,0,0
2021-12-09,1811.800048828125,1811.800048828125,1811.800048828125,1811.800048828125,0,0,0
2021-12-10,1770.5,1772.5,1748.0999755859375,1748.0999755859375,14,0,0
2021-12-13,1672.4000244140625,1672.4000244140625,1672.4000244140625,1672.4000244140625,0,0,0
2021-12-14,1620.5,1620.5,1620.5,1620.5,0,0,0
2021-12-15,1549.4000244140625,1549.4000244140625,1549.4000244140625,1549.4000244140625,0,0,0
2021-12-16,1720.5999755859375,1720.5999755859375,1720.5999755859375,1720.5999755859375,0,0,0
2021-12-17,1782.5999755859375,1782.5999755859375,1782.5999755859375,1782.5999755859375,0,0,0
2021-12-20,1743.699951171875,1743.699951171875,1743.699951171875,1743.699951171875,0,0,0
2021-12-21,1790.9000244140625,1790.9000244140625,1790.9000244140625,1790.9000244140625,0,0,0
2021-12-22,1887.0999755859373,1887.0999755859373,1887.0999755859373,1887.0999755859373,0,0,0
2021-12-23,1954.699951171875,1954.699951171875,1954.699951171875,1954.699951171875,0,0,0
2021-12-27,1944.300048828125,1944.300048828125,1944.300048828125,1944.300048828125,0,0,0
2021-12-28,1998.4000244140625,1998.4000244140625,1998.4000244140625,1998.4000244140625,0,0,0
2021-12-29,1984.800048828125,1984.800048828125,1984.800048828125,1984.800048828125,1,0,0
2021-12-30,1959.5,1979.199951171875,1959.5,1979.199951171875,2,0,0
2021-12-31,1908.0999755859373,1908.0999755859373,1908.0999755859373,1908.0999755859373,2,0,0
2022-01-03,1822.0,1822.0,1822.0,1822.0,2,0,0
2022-01-04,1855.699951171875,1855.699951171875,1855.699951171875,1855.699951171875,2,0,0
2022-01-05,1898.5999755859373,1898.5999755859373,1898.5999755859373,1898.5999755859373,2,0,0
2022-01-06,1869.9000244140625,1869.9000244140625,1869.9000244140625,1869.9000244140625,2,0,0
2022-01-07,1917.5999755859373,1917.5999755859373,1917.5999755859373,1917.5999755859373,2,0,0
2022-01-10,1905.199951171875,1905.199951171875,1905.199951171875,1905.199951171875,2,0,0
2022-01-11,1918.0999755859373,1918.0999755859373,1918.0999755859373,1918.0999755859373,2,0,0
2022-01-12,1911.800048828125,1911.800048828125,1911.800048828125,1911.800048828125,2,0,0
2022-01-13,1886.0,1886.0,1886.0,1886.0,2,0,0
2022-01-14,1874.199951171875,1874.199951171875,1874.199951171875,1874.199951171875,2,0,0
2022-01-18,1900.5999755859373,1900.5999755859373,1900.5999755859373,1900.5999755859373,2,0,0
2022-01-19,2004.4000244140625,2004.4000244140625,2004.4000244140625,2004.4000244140625,2,0,0
2022-01-20,2069.699951171875,2069.699951171875,2069.699951171875,2069.699951171875,2,0,0
2022-01-21,2100.300048828125,2100.300048828125,2100.300048828125,2100.300048828125,20,0,0
2022-01-24,2137.0,2137.0,2137.0,2137.0,0,0,0
2022-01-25,2184.89990234375,2184.89990234375,2184.89990234375,2184.89990234375,0,0,0
2022-01-26,2346.60009765625,2346.60009765625,2346.60009765625,2346.60009765625,0,0,0
2022-01-27,2362.5,2362.5,2362.5,2362.5,2,0,0
2022-01-28,2368.699951171875,2368.699951171875,2368.699951171875,2368.699951171875,2,0,0
2022-01-31,2349.199951171875,2349.199951171875,2349.199951171875,2349.199951171875,2,0,0
2022-02-01,2343.199951171875,2343.199951171875,2343.199951171875,2343.199951171875,2,0,0
2022-02-02,2366.199951171875,2366.199951171875,2366.199951171875,2366.199951171875,2,0,0
2022-02-03,2314.39990234375,2314.39990234375,2314.39990234375,2314.39990234375,2,0,0
2022-02-04,2287.39990234375,2287.39990234375,2287.39990234375,2287.39990234375,2,0,0
2022-02-07,2256.800048828125,2256.800048828125,2256.800048828125,2256.800048828125,2,0,0
2022-02-08,2260.89990234375,2260.89990234375,2260.89990234375,2260.89990234375,2,0,0
2022-02-09,2281.60009765625,2281.60009765625,2281.60009765625,2281.60009765625,2,0,0
2022-02-10,2261.800048828125,2261.800048828125,2261.800048828125,2261.800048828125,2,0,0
2022-02-11,2190.10009765625,2190.10009765625,2190.10009765625,2190.10009765625,2,0,0
2022-02-14,2342.5,2342.5,2342.5,2342.5,2,0,0
2022-02-15,2248.0,2248.0,2248.0,2248.0,2,0,0
2022-02-16,2268.300048828125,2268.300048828125,2268.300048828125,2268.300048828125,1,0,0
2022-02-17,2356.60009765625,2356.60009765625,2356.60009765625,2356.60009765625,1,0,0
2022-02-18,2335.39990234375,2335.39990234375,2335.39990234375,2335.39990234375,1,0,0
2022-02-22,2369.300048828125,2369.300048828125,2369.300048828125,2369.300048828125,1,0,0
2022-02-23,2438.10009765625,2438.10009765625,2438.10009765625,2438.10009765625,1,0,0
2022-02-24,2498.60009765625,2498.60009765625,2498.60009765625,2498.60009765625,5014,0,0
2022-02-25,2388.5,2479.0,2322.5,2360.699951171875,742,0,0
2022-02-28,2536.5,2536.5,2455.5,2500.5,128,0,0
2022-03-01,2491.5,2706.5,2491.5,2532.5,149,0,0
2022-03-02,2662.60009765625,2662.60009765625,2662.60009765625,2662.60009765625,18,0,0
2022-03-03,2745.5,2745.5,2718.5,2728.800048828125,3,0,0
2022-03-04,2904.0,2979.89990234375,2904.0,2979.89990234375,18,0,0
2022-03-07,3380.5,3380.5,2899.89990234375,2899.89990234375,28,0,0
2022-03-08,3002.0,3028.0,2958.0,2966.5,40,0,0
2022-03-09,3005.5,3005.5,2908.5,2944.800048828125,4,0,0
2022-03-10,2921.5,2921.5,2917.0,2917.0,0,0,0
2022-03-11,2792.89990234375,2792.89990234375,2792.89990234375,2792.89990234375,0,0,0
2022-03-14,2628.0,2628.0,2412.199951171875,2412.199951171875,1,0,0
2022-03-15,2407.39990234375,2407.39990234375,2407.39990234375,2407.39990234375,0,0,0
2022-03-16,2363.39990234375,2363.39990234375,2363.39990234375,2363.39990234375,0,0,0
2022-03-17,2530.0,2530.0,2488.10009765625,2488.10009765625,5,0,0
2022-03-18,2536.0,2536.0,2489.10009765625,2489.10009765625,11,0,0
2022-03-21,2533.39990234375,2533.39990234375,2533.39990234375,2533.39990234375,0,0,0
2022-03-22,2493.0,2493.0,2472.60009765625,2472.60009765625,2,0,0
2022-03-23,2515.39990234375,2515.39990234375,2515.39990234375,2515.39990234375,0,0,0
2022-03-24,2526.699951171875,2526.699951171875,2526.699951171875,2526.699951171875,0,0,0
2022-03-25,2390.39990234375,2390.39990234375,2390.39990234375,2390.39990234375,0,0,0
2022-03-28,2238.5,2238.5,2238.5,2238.5,0,0,0
2022-03-29,2101.0,2108.800048828125,2101.0,2108.800048828125,0,0,0
2022-03-30,2243.0,2243.0,2243.0,2243.0,0,0,0
2022-03-31,2255.5,2255.5,2255.5,2255.5,0,0,0
2022-04-01,2267.39990234375,2267.39990234375,2267.39990234375,2267.39990234375,0,0,0
2022-04-04,2274.89990234375,2274.89990234375,2274.89990234375,2274.89990234375,0,0,0
2022-04-05,2235.199951171875,2235.199951171875,2235.199951171875,2235.199951171875,0,0,0
2022-04-06,2184.60009765625,2184.60009765625,2184.60009765625,2184.60009765625,0,0,0
2022-04-07,2223.0,2223.0,2223.0,2223.0,0,0,0
2022-04-08,2420.0,2420.0,2420.0,2420.0,0,0,0
2022-04-11,2500.0,2500.0,2416.39990234375,2416.39990234375,1,0,0
2022-04-12,2353.699951171875,2353.699951171875,2353.699951171875,2353.699951171875,1,0,0
2022-04-13,2338.800048828125,2338.800048828125,2338.800048828125,2338.800048828125,1,0,0
2022-04-14,2354.300048828125,2354.300048828125,2354.300048828125,2354.300048828125,1,0,0
2022-04-18,2444.0,2444.0,2444.0,2444.0,1,0,0
2022-04-19,2379.300048828125,2379.300048828125,2379.300048828125,2379.300048828125,1,0,0
2022-04-20,2453.5,2458.800048828125,2453.5,2458.800048828125,1,0,0
2022-04-21,2416.89990234375,2416.89990234375,2416.89990234375,2416.89990234375,1,0,0
2022-04-22,2373.0,2373.0,2373.0,2373.0,1,0,0
2022-04-25,2116.39990234375,2116.39990234375,2116.39990234375,2116.39990234375,1,0,0
2022-04-26,2172.89990234375,2172.89990234375,2172.89990234375,2172.89990234375,1,0,0
2022-04-27,2190.39990234375,2190.39990234375,2190.39990234375,2190.39990234375,0,0,0
2022-04-28,2208.60009765625,2208.60009765625,2208.60009765625,2208.60009765625,0,0,0
2022-04-29,2302.800048828125,2302.800048828125,2302.800048828125,2302.800048828125,0,0,0
2022-05-02,2213.300048828125,2213.300048828125,2213.300048828125,2213.300048828125,0,0,0
2022-05-03,2235.60009765625,2235.60009765625,2235.60009765625,2235.60009765625,0,0,0
2022-05-04,2233.300048828125,2233.300048828125,2233.300048828125,2233.300048828125,0,0,0
2022-05-05,2175.300048828125,2175.300048828125,2175.300048828125,2175.300048828125,0,0,0
2022-05-06,2021.199951171875,2021.199951171875,2021.199951171875,2021.199951171875,1,0,0
2022-05-09,2059.800048828125,2059.800048828125,2059.800048828125,2059.800048828125,1,0,0
2022-05-10,2042.0,2042.0,2042.0,2042.0,1,0,0
2022-05-11,2008.0999755859373,2008.0999755859373,2008.0999755859373,2008.0999755859373,1,0,0
2022-05-12,1861.0,1861.0,1861.0,1861.0,1,0,0
2022-05-13,1918.0999755859373,1918.0999755859373,1918.0999755859373,1918.0999755859373,1,0,0
2022-05-16,2003.0,2003.0,2003.0,2003.0,1,0,0
2022-05-17,2031.199951171875,2031.199951171875,2031.199951171875,2031.199951171875,1,0,0
2022-05-18,1991.5999755859373,1991.5999755859373,1991.5999755859373,1991.5999755859373,1,0,0
2022-05-19,1977.800048828125,1977.800048828125,1977.800048828125,1977.800048828125,1,0,0
2022-05-20,1939.199951171875,1939.199951171875,1939.199951171875,1939.199951171875,1,0,0
2022-05-23,1965.9000244140625,1965.9000244140625,1965.9000244140625,1965.9000244140625,1,0,0
2022-05-24,1985.9000244140625,1985.9000244140625,1985.9000244140625,1985.9000244140625,1,0,0
2022-05-25,1988.5999755859373,1988.5999755859373,1988.5999755859373,1988.5999755859373,1,0,0
2022-05-26,1992.800048828125,1992.800048828125,1992.800048828125,1992.800048828125,1364,0,0
2022-05-27,2007.5,2053.5,1995.0,2044.699951171875,498,0,0
2022-05-31,2055.0,2062.5,1994.800048828125,1994.800048828125,107,0,0
2022-06-01,1998.5,1998.5,1983.0,1991.800048828125,11,0,0
2022-06-02,2006.0,2038.0,1987.5,2036.5,6,0,0
2022-06-03,2045.0,2045.0,1975.4000244140625,1975.4000244140625,6,0,0
2022-06-06,1991.0,1991.0,1981.0,1985.699951171875,4,0,0
2022-06-07,1955.699951171875,1955.699951171875,1955.699951171875,1955.699951171875,0,0,0
2022-06-08,1915.0,1929.5,1915.0,1928.5999755859373,3,0,0
2022-06-09,1924.0,1924.0,1906.199951171875,1906.199951171875,2,0,0
2022-06-10,1906.5,1906.5,1867.5,1897.699951171875,5,0,0
2022-06-13,1865.0,1877.5,1769.199951171875,1769.199951171875,8,0,0
2022-06-14,1772.300048828125,1772.300048828125,1772.300048828125,1772.300048828125,0,0,0
2022-06-15,1822.5,1826.0,1822.5,1826.0,1,0,0
2022-06-16,1832.5,1857.699951171875,1824.5,1857.699951171875,22,0,0
2022-06-17,1789.800048828125,1789.800048828125,1789.800048828125,1789.800048828125,0,0,0
2022-06-21,1853.800048828125,1853.800048828125,1853.800048828125,1853.800048828125,0,0,0
2022-06-22,1829.0,1829.0,1829.0,1829.0,0,0,0
2022-06-23,1815.199951171875,1815.199951171875,1815.199951171875,1815.199951171875,0,0,0
2022-06-24,1845.4000244140625,1845.4000244140625,1845.4000244140625,1845.4000244140625,0,0,0
2022-06-27,1850.5999755859373,1850.5999755859373,1850.5999755859373,1850.5999755859373,0,0,0
2022-06-28,1853.4000244140625,1853.4000244140625,1853.4000244140625,1853.4000244140625,1,0,0
2022-06-29,1939.5999755859373,1939.5999755859373,1939.5999755859373,1939.5999755859373,0,0,0
2022-06-30,1908.699951171875,1908.699951171875,1908.699951171875,1908.699951171875,0,0,0
2022-07-01,1930.800048828125,1930.800048828125,1930.800048828125,1930.800048828125,0,0,0
2022-07-05,1911.699951171875,1911.699951171875,1911.699951171875,1911.699951171875,0,0,0
2022-07-06,1889.199951171875,1889.199951171875,1889.199951171875,1889.199951171875,0,0,0
2022-07-07,1987.4000244140625,1987.4000244140625,1987.4000244140625,1987.4000244140625,0,0,0
2022-07-08,2151.199951171875,2151.199951171875,2151.199951171875,2151.199951171875,0,0,0
2022-07-11,2166.199951171875,2166.199951171875,2166.199951171875,2166.199951171875,0,0,0
2022-07-12,2010.199951171875,2010.199951171875,2010.199951171875,2010.199951171875,0,0,0
2022-07-13,1966.0,1966.0,1966.0,1966.0,0,0,0
2022-07-14,1892.699951171875,1892.699951171875,1892.699951171875,1892.699951171875,0,0,0
2022-07-15,1824.0,1824.0,1824.0,1824.0,0,0,0
2022-07-18,1843.699951171875,1843.699951171875,1843.699951171875,1843.699951171875,0,0,0
2022-07-19,1848.800048828125,1848.800048828125,1848.800048828125,1848.800048828125,0,0,0
2022-07-20,1856.0,1856.0,1856.0,1856.0,0,0,0
2022-07-21,1871.0999755859373,1871.0999755859373,1871.0999755859373,1871.0999755859373,0,0,0
2022-07-22,2013.199951171875,2013.199951171875,2013.199951171875,2013.199951171875,0,0,0
2022-07-25,1997.699951171875,1997.699951171875,1997.699951171875,1997.699951171875,0,0,0
2022-07-26,2005.800048828125,2005.800048828125,2005.800048828125,2005.800048828125,0,0,0
2022-07-27,1999.0,1999.0,1999.0,1999.0,2,0,0
2022-07-28,2079.39990234375,2079.39990234375,2079.39990234375,2079.39990234375,2,0,0
2022-07-29,2128.89990234375,2128.89990234375,2128.89990234375,2128.89990234375,2,0,0
2022-08-01,2198.60009765625,2198.60009765625,2198.60009765625,2198.60009765625,2,0,0
2022-08-02,2086.699951171875,2086.699951171875,2086.699951171875,2086.699951171875,2,0,0
2022-08-03,2004.4000244140625,2004.4000244140625,2004.4000244140625,2004.4000244140625,2,0,0
2022-08-04,2075.300048828125,2075.300048828125,2075.300048828125,2075.300048828125,2,0,0
2022-08-05,2126.300048828125,2126.300048828125,2126.300048828125,2126.300048828125,2,0,0
2022-08-08,2239.300048828125,2239.300048828125,2239.300048828125,2239.300048828125,2,0,0
2022-08-09,2216.60009765625,2216.60009765625,2216.60009765625,2216.60009765625,2,0,0
2022-08-10,2243.699951171875,2243.699951171875,2243.699951171875,2243.699951171875,2,0,0
2022-08-11,2285.800048828125,2285.800048828125,2285.800048828125,2285.800048828125,2,0,0
2022-08-12,2216.800048828125,2216.800048828125,2216.800048828125,2216.800048828125,2,0,0
2022-08-15,2155.89990234375,2155.89990234375,2155.89990234375,2155.89990234375,2,0,0
2022-08-16,2146.60009765625,2146.60009765625,2146.60009765625,2146.60009765625,2,0,0
2022-08-17,2134.300048828125,2134.300048828125,2134.300048828125,2134.300048828125,2,0,0
2022-08-18,2147.0,2147.0,2147.0,2147.0,2,0,0
2022-08-19,2129.0,2129.0,2129.0,2129.0,2,0,0
2022-08-22,1980.300048828125,1980.300048828125,1980.300048828125,1980.300048828125,2,0,0
2022-08-23,1971.4000244140625,1971.4000244140625,1971.4000244140625,1971.4000244140625,2,0,0
2022-08-24,2024.0999755859373,2024.0999755859373,2024.0999755859373,2024.0999755859373,2,0,0
2022-08-25,2138.300048828125,2138.300048828125,2138.300048828125,2138.300048828125,2,0,0
2022-08-26,2120.39990234375,2120.39990234375,2120.39990234375,2120.39990234375,2,0,0
2022-08-29,2123.300048828125,2123.300048828125,2123.300048828125,2123.300048828125,896,0,0
2022-08-30,2149.0,2160.0,2052.0,2079.60009765625,340,0,0
2022-08-31,2050.0,2068.0,2050.0,2066.60009765625,26,0,0
2022-09-01,2074.0,2074.0,1982.800048828125,1982.800048828125,15,0,0
2022-09-02,2004.0,2012.300048828125,2004.0,2012.300048828125,4,0,0
2022-09-06,2030.0,2030.0,1956.4000244140625,1956.4000244140625,13,0,0
2022-09-07,2007.9000244140625,2019.5,2007.9000244140625,2007.9000244140625,2,0,0
2022-09-08,2011.5,2143.5,2011.5,2132.0,7,0,0
2022-09-09,2162.699951171875,2162.699951171875,2162.699951171875,2162.699951171875,0,0,0
2022-09-12,2247.0,2259.199951171875,2227.0,2259.199951171875,10,0,0
2022-09-13,2095.699951171875,2095.699951171875,2095.699951171875,2095.699951171875,7,0,0
2022-09-14,2158.300048828125,2158.300048828125,2158.300048828125,2158.300048828125,0,0,0
2022-09-15,2134.0,2134.0,2131.300048828125,2131.300048828125,2,0,0
2022-09-16,2098.10009765625,2098.10009765625,2098.10009765625,2098.10009765625,0,0,0
2022-09-19,2201.0,2211.5,2201.0,2203.89990234375,8,0,0
2022-09-20,2188.0,2188.0,2156.10009765625,2156.10009765625,2,0,0
2022-09-21,2109.0,2109.10009765625,2109.0,2109.0,0,0,0
2022-09-22,2160.5,2160.699951171875,2160.5,2160.5,0,0,0
2022-09-23,2056.5,2056.5,2056.39990234375,2056.5,2,0,0
2022-09-26,2035.5,2035.5,2035.5,2035.5,1,0,0
2022-09-27,2076.89990234375,2076.89990234375,2076.89990234375,2076.89990234375,1,0,0
2022-09-28,2150.60009765625,2150.60009765625,2150.60009765625,2150.60009765625,1,0,0
2022-09-29,2202.10009765625,2202.10009765625,2202.10009765625,2202.10009765625,1,0,0
2022-09-30,2173.199951171875,2173.199951171875,2173.199951171875,2173.199951171875,1,0,0
2022-10-03,2223.199951171875,2223.199951171875,2223.199951171875,2223.199951171875,1,0,0
2022-10-04,2321.199951171875,2321.199951171875,2321.199951171875,2321.199951171875,1,0,0
2022-10-05,2246.89990234375,2246.89990234375,2246.89990234375,2246.89990234375,1,0,0
2022-10-06,2266.5,2266.5,2266.5,2266.5,1,0,0
2022-10-07,2182.300048828125,2182.300048828125,2182.300048828125,2182.300048828125,1,0,0
2022-10-10,2158.10009765625,2158.10009765625,2158.10009765625,2158.10009765625,1,0,0
2022-10-11,2140.60009765625,2140.60009765625,2140.60009765625,2140.60009765625,1,0,0
2022-10-12,2126.60009765625,2126.60009765625,2126.60009765625,2126.60009765625,1,0,0
2022-10-13,2107.39990234375,2107.39990234375,2107.39990234375,2107.39990234375,1,0,0
2022-10-14,1987.5,1987.5,1987.5,1987.5,1,0,0
2022-10-17,1990.0999755859373,1990.0999755859373,1990.0999755859373,1990.0999755859373,1,0,0
2022-10-18,2004.0999755859373,2004.0999755859373,2004.0999755859373,2004.0999755859373,1,0,0
2022-10-19,1985.699951171875,1985.699951171875,1985.699951171875,1985.699951171875,1,0,0
2022-10-20,2069.800048828125,2069.800048828125,2069.800048828125,2069.800048828125,1,0,0
2022-10-21,1995.699951171875,1995.699951171875,1995.699951171875,1995.699951171875,1,0,0
2022-10-24,1958.0,1958.0,1958.0,1958.0,1,0,0
2022-10-25,1909.0,1909.0,1909.0,1909.0,1,0,0
2022-10-26,1950.699951171875,1950.699951171875,1950.699951171875,1950.699951171875,1,0,0
2022-10-27,1928.4000244140625,1928.4000244140625,1928.4000244140625,1928.4000244140625,0,0,0
2022-10-28,1894.5999755859373,1894.5999755859373,1894.5999755859373,1894.5999755859373,0,0,0
2022-10-31,1829.0999755859373,1829.0999755859373,1829.0999755859373,1829.0999755859373,0,0,0
2022-11-01,1874.4000244140625,1874.4000244140625,1874.4000244140625,1874.4000244140625,0,0,0
2022-11-02,1847.5,1847.5,1847.5,1847.5,0,0,0
2022-11-03,1795.5,1795.5,1795.5,1795.5,0,0,0
2022-11-04,1836.9000244140625,1836.9000244140625,1836.9000244140625,1836.9000244140625,0,0,0
2022-11-07,1894.9000244140625,1894.9000244140625,1894.9000244140625,1894.9000244140625,0,0,0
2022-11-08,1930.0,1930.0,1930.0,1930.0,0,0,0
2022-11-09,1856.5999755859373,1856.5999755859373,1856.5999755859373,1856.5999755859373,0,0,0
2022-11-10,1951.5999755859373,1951.5999755859373,1951.5999755859373,1951.5999755859373,0,0,0
2022-11-11,2023.9000244140625,2023.9000244140625,2023.9000244140625,2023.9000244140625,0,0,0
2022-11-14,2036.9000244140625,2036.9000244140625,2036.9000244140625,2036.9000244140625,0,0,0
2022-11-15,2075.699951171875,2075.699951171875,2075.699951171875,2075.699951171875,0,0,0
2022-11-16,2078.699951171875,2078.699951171875,2078.699951171875,2078.699951171875,0,0,0
2022-11-17,2007.4000244140625,2007.4000244140625,2007.4000244140625,2007.4000244140625,0,0,0
2022-11-18,1936.300048828125,1936.300048828125,1936.300048828125,1936.300048828125,0,0,0
2022-11-21,1850.4000244140625,1850.4000244140625,1850.4000244140625,1850.4000244140625,0,0,0
2022-11-22,1854.9000244140625,1854.9000244140625,1854.9000244140625,1854.9000244140625,0,0,0
2022-11-23,1873.300048828125,1873.300048828125,1873.300048828125,1873.300048828125,0,0,0
2022-11-25,1818.9000244140625,1818.9000244140625,1818.9000244140625,1818.9000244140625,0,0,0
2022-11-28,1834.5,1834.5,1834.5,1834.5,1405,0,0
2022-11-29,1848.0,1875.0,1812.0,1816.5,212,0,0
2022-11-30,1866.0,1911.0,1832.0,1845.0,63,0,0
2022-12-01,1873.0,1924.5999755859373,1873.0,1924.5999755859373,2,0,0
2022-12-02,1862.5,1879.4000244140625,1857.0,1879.4000244140625,9,0,0
2022-12-05,1839.5999755859373,1839.5999755859373,1839.5999755859373,1839.5999755859373,0,0,0
2022-12-06,1829.0999755859373,1829.0999755859373,1829.0999755859373,1829.0999755859373,0,0,0
2022-12-07,1831.9000244140625,1831.9000244140625,1831.9000244140625,1831.9000244140625,1,0,0
2022-12-08,1908.4000244140625,1908.4000244140625,1908.4000244140625,1908.4000244140625,0,0,0
2022-12-09,1946.4000244140625,1946.4000244140625,1946.4000244140625,1946.4000244140625,0,0,0
2022-12-12,1861.699951171875,1861.699951171875,1861.699951171875,1861.699951171875,0,0,0
2022-12-13,1914.300048828125,1914.300048828125,1914.300048828125,1914.300048828125,0,0,0
2022-12-14,1899.699951171875,1899.699951171875,1899.699951171875,1899.699951171875,0,0,0
2022-12-15,1791.199951171875,1791.199951171875,1752.5,1791.199951171875,14,0,0
2022-12-16,1795.0,1795.0,1684.199951171875,1684.199951171875,17,0,0
2022-12-19,1701.5,1701.5,1642.5,1642.5,5,0,0
2022-12-20,1711.0999755859375,1711.0999755859375,1711.0999755859375,1711.0999755859375,0,0,0
2022-12-21,1644.4000244140625,1644.4000244140625,1644.4000244140625,1644.4000244140625,0,0,0
2022-12-22,1650.0,1650.0,1650.0,1650.0,0,0,0
2022-12-23,1710.199951171875,1710.199951171875,1710.199951171875,1710.199951171875,0,0,0
2022-12-27,1804.5,1804.5,1804.5,1804.5,0,0,0
2022-12-28,1763.199951171875,1763.199951171875,1763.199951171875,1763.199951171875,0,0,0
2022-12-29,1807.9000244140625,1807.9000244140625,1807.9000244140625,1807.9000244140625,0,0,0
2022-12-30,1819.5,1828.0,1759.0,1789.0,1232,0,0
