Datetime,Open,High,Low,Close,Volume,Dividends,Stock Splits
2022-10-31 09:30:00-04:00,226.19000244140625,228.97999572753903,223.4600067138672,224.0402069091797,10436505,0,0
2022-10-31 10:00:00-04:00,223.875,224.9900054931641,222.75999450683597,223.72999572753903,5799898,0,0
2022-10-31 10:30:00-04:00,223.66000366210935,224.82000732421875,221.94000244140625,224.33999633789065,4935867,0,0
2022-10-31 11:00:00-04:00,224.31820678710935,226.69000244140625,224.07000732421875,226.2700042724609,4362697,0,0
2022-10-31 11:30:00-04:00,226.2693023681641,227.7700042724609,225.8000030517578,227.06500244140625,4020755,0,0
2022-10-31 12:00:00-04:00,227.1000061035156,228.0198974609375,226.3778076171875,226.91000366210935,4481770,0,0
2022-10-31 12:30:00-04:00,226.8710021972656,227.0500030517578,225.3600006103516,226.7324981689453,3263103,0,0
2022-10-31 13:00:00-04:00,226.8000030517578,229.16000366210935,226.2700042724609,228.97999572753903,3722120,0,0
2022-10-31 13:30:00-04:00,228.9913024902344,229.5699005126953,228.1999969482422,228.9600067138672,3942462,0,0
2022-10-31 14:00:00-04:00,228.96499633789065,229.4600067138672,228.0200042724609,228.92999267578125,2876214,0,0
2022-10-31 14:30:00-04:00,228.94520568847656,229.8500061035156,228.4499969482422,228.6649932861328,3140469,0,0
2022-10-31 15:00:00-04:00,228.38999938964844,228.56329345703125,227.3699951171875,228.0102996826172,3152250,0,0
2022-10-31 15:30:00-04:00,227.97000122070312,228.7899932861328,227.25070190429688,227.5500030517578,4408884,0,0
2022-11-01 09:30:00-04:00,234.0500030517578,237.1499938964844,232.0,233.3592987060547,15171145,0,0
2022-11-01 10:00:00-04:00,233.42999267578125,233.75619506835935,229.5200042724609,232.25,8652099,0,0
2022-11-01 10:30:00-04:00,232.25999450683597,232.44000244140625,229.1999969482422,229.5800018310547,5478740,0,0
2022-11-01 11:00:00-04:00,230.1201934814453,231.38999938964844,229.0,229.8800048828125,4090639,0,0
2022-11-01 11:30:00-04:00,229.8699951171875,230.38999938964844,228.00999450683597,229.41000366210935,3404112,0,0
2022-11-01 12:00:00-04:00,229.3999938964844,230.75,229.1199951171875,229.55999755859372,3525479,0,0
2022-11-01 12:30:00-04:00,229.47999572753903,229.7299041748047,228.22999572753903,229.2841033935547,2661632,0,0
2022-11-01 13:00:00-04:00,229.2528076171875,230.1499938964844,228.69000244140625,228.91000366210935,2724999,0,0
2022-11-01 13:30:00-04:00,228.91749572753903,228.91749572753903,227.44000244140625,228.12989807128903,2921450,0,0
2022-11-01 14:00:00-04:00,228.13999938964844,228.4600067138672,227.27999877929688,228.25,2305343,0,0
2022-11-01 14:30:00-04:00,228.22999572753903,229.1999969482422,227.7624969482422,229.10989379882807,3159892,0,0
2022-11-01 15:00:00-04:00,229.0800018310547,229.38999938964844,227.94000244140625,228.1699981689453,2660180,0,0
2022-11-01 15:30:00-04:00,228.1750030517578,228.4499969482422,227.4920959472656,227.82000732421875,3214021,0,0
2022-11-02 09:30:00-04:00,226.0399932861328,227.61309814453125,223.3999938964844,226.8300018310547,7417785,0,0
2022-11-02 10:00:00-04:00,226.80999755859372,227.72000122070312,224.82000732421875,225.6499938964844,4316217,0,0
2022-11-02 10:30:00-04:00,225.6199951171875,226.1000061035156,224.1201019287109,224.32000732421875,2819982,0,0
2022-11-02 11:00:00-04:00,224.32000732421875,224.6450042724609,223.16000366210935,224.0699005126953,2963759,0,0
2022-11-02 11:30:00-04:00,224.07000732421875,224.57000732421875,223.1999969482422,223.42999267578125,2071439,0,0
2022-11-02 12:00:00-04:00,223.42999267578125,224.0500030517578,222.02999877929688,222.13360595703125,2369820,0,0
2022-11-02 12:30:00-04:00,222.13389587402344,222.58999633789065,221.2899932861328,222.33999633789065,2590412,0,0
2022-11-02 13:00:00-04:00,222.3600006103516,222.3800048828125,221.4499969482422,221.8950042724609,1410502,0,0
2022-11-02 13:30:00-04:00,221.8800048828125,222.47000122070312,221.67999267578125,221.889892578125,1890382,0,0
2022-11-02 14:00:00-04:00,221.88999938964844,227.0335998535156,221.0,226.375,8259910,0,0
2022-11-02 14:30:00-04:00,226.3800048828125,226.77999877929688,218.5,219.0,9948240,0,0
2022-11-02 15:00:00-04:00,219.0,221.16000366210935,215.72000122070312,216.71859741210935,6267819,0,0
2022-11-02 15:30:00-04:00,216.73880004882807,217.25999450683597,214.82000732421875,214.8600006103516,7349659,0,0
2022-11-03 09:30:00-04:00,211.3600006103516,217.26480102539065,210.13999938964844,215.22999572753903,11652060,0,0
2022-11-03 10:00:00-04:00,215.27999877929688,218.8999938964844,214.6000061035156,218.87109375,6875198,0,0
2022-11-03 10:30:00-04:00,218.8800048828125,220.75,217.4499969482422,220.1499938964844,5718942,0,0
2022-11-03 11:00:00-04:00,220.1199951171875,220.90350341796875,216.6000061035156,216.6000061035156,4331699,0,0
2022-11-03 11:30:00-04:00,216.60040283203125,217.2942047119141,215.0,215.09500122070312,3849642,0,0
2022-11-03 12:00:00-04:00,215.1100006103516,216.5,214.5,215.5500030517578,3447753,0,0
2022-11-03 12:30:00-04:00,215.5200042724609,216.9600067138672,214.6000061035156,216.6000061035156,3461330,0,0
2022-11-03 13:00:00-04:00,216.6000061035156,216.9199981689453,215.1499938964844,215.4492034912109,2299827,0,0
2022-11-03 13:30:00-04:00,215.3999938964844,215.6000061035156,214.55999755859372,214.99850463867188,2479877,0,0
2022-11-03 14:00:00-04:00,215.0,216.32000732421875,214.7700042724609,216.2496032714844,1976032,0,0
2022-11-03 14:30:00-04:00,216.2449951171875,216.9499969482422,215.6199951171875,216.43499755859372,2158312,0,0
2022-11-03 15:00:00-04:00,216.4199981689453,216.7400054931641,215.8500061035156,216.57000732421875,2053036,0,0
2022-11-03 15:30:00-04:00,216.5500030517578,217.6699981689453,215.3000030517578,215.38499450683597,4029227,0,0
2022-11-04 09:30:00-04:00,222.6000061035156,223.8000030517578,216.9208984375,219.9199981689453,10979964,0,0
2022-11-04 10:00:00-04:00,220.27999877929688,222.72999572753903,218.75,221.8993988037109,5910996,0,0
2022-11-04 10:30:00-04:00,221.6725006103516,223.35989379882807,220.55999755859372,221.6233062744141,4863915,0,0
2022-11-04 11:00:00-04:00,221.66310119628903,222.38999938964844,218.6999969482422,218.8300018310547,4413550,0,0
2022-11-04 11:30:00-04:00,218.8500061035156,218.8800048828125,210.8999938964844,211.375,9610839,0,0
2022-11-04 12:00:00-04:00,211.3300018310547,212.3800048828125,209.67999267578125,210.86929321289065,8620413,0,0
2022-11-04 12:30:00-04:00,210.83999633789065,211.0,204.3999938964844,204.47000122070312,10276616,0,0
2022-11-04 13:00:00-04:00,204.4747009277344,205.6300048828125,203.3000030517578,204.8300018310547,7800553,0,0
2022-11-04 13:30:00-04:00,204.82589721679688,205.4199981689453,203.3800048828125,203.4600067138672,4911041,0,0
2022-11-04 14:00:00-04:00,203.4624938964844,206.1199951171875,203.0800018310547,205.76499938964844,6503163,0,0
2022-11-04 14:30:00-04:00,205.76739501953125,207.42999267578125,205.05999755859372,206.38250732421875,6008230,0,0
2022-11-04 15:00:00-04:00,206.3999938964844,208.6999969482422,206.0399932861328,206.7100067138672,6536950,0,0
2022-11-04 15:30:00-04:00,206.7100067138672,207.58999633789065,206.1199951171875,207.47999572753903,8697141,0,0
2022-11-07 09:30:00-05:00,208.6499938964844,208.8999938964844,201.1999969482422,202.41000366210935,15073078,0,0
2022-11-07 10:00:00-05:00,202.3999938964844,203.92999267578125,200.1300048828125,200.32290649414065,9285302,0,0
2022-11-07 10:30:00-05:00,200.3500061035156,201.1999053955078,199.3500061035156,200.3177947998047,10170364,0,0
2022-11-07 11:00:00-05:00,200.3249969482422,200.3500061035156,197.47999572753903,199.83999633789065,8994913,0,0
2022-11-07 11:30:00-05:00,199.83999633789065,200.63999938964844,196.66000366210935,198.4076995849609,9110389,0,0
2022-11-07 12:00:00-05:00,198.38999938964844,200.28990173339844,197.67999267578125,199.239501953125,5561752,0,0
2022-11-07 12:30:00-05:00,199.1902008056641,199.5984039306641,198.0,198.97999572753903,3933040,0,0
2022-11-07 13:00:00-05:00,198.91000366210935,199.58580017089844,198.16000366210935,199.0200042724609,3648048,0,0
2022-11-07 13:30:00-05:00,199.0200042724609,199.1100006103516,197.75,198.7274932861328,2963505,0,0
2022-11-07 14:00:00-05:00,198.7100067138672,200.0,198.7100067138672,199.45970153808597,4454021,0,0
2022-11-07 14:30:00-05:00,199.5099029541016,200.0,198.8800048828125,199.0102996826172,4599283,0,0
2022-11-07 15:00:00-05:00,199.0249938964844,199.5200042724609,198.6000061035156,198.7250061035156,4140281,0,0
2022-11-07 15:30:00-05:00,198.6999969482422,199.00999450683597,197.0,197.05999755859372,8566097,0,0
2022-11-08 09:30:00-05:00,194.0200042724609,194.1000061035156,187.05999755859372,188.7899932861328,25342177,0,0
2022-11-08 10:00:00-05:00,188.7700042724609,190.1914978027344,186.75,188.98959350585935,12013045,0,0
2022-11-08 10:30:00-05:00,188.96539306640625,190.80999755859372,187.8800048828125,190.3600006103516,8502606,0,0
2022-11-08 11:00:00-05:00,190.10499572753903,193.39990234375,189.55999755859372,193.2205047607422,10769161,0,0
2022-11-08 11:30:00-05:00,193.2100067138672,194.4499969482422,192.6300048828125,194.22999572753903,9046789,0,0
2022-11-08 12:00:00-05:00,194.25999450683597,195.0200042724609,192.20559692382807,194.25999450683597,7696924,0,0
2022-11-08 12:30:00-05:00,194.25259399414065,195.1000061035156,193.8999938964844,194.8663024902344,6078710,0,0
2022-11-08 13:00:00-05:00,194.8800048828125,195.1999969482422,191.8300018310547,192.3000030517578,6573357,0,0
2022-11-08 13:30:00-05:00,192.2899932861328,194.8500061035156,191.44000244140625,193.31390380859372,6296707,0,0
2022-11-08 14:00:00-05:00,193.3061981201172,193.5924072265625,189.17999267578125,189.3498992919922,7206369,0,0
2022-11-08 14:30:00-05:00,189.30999755859372,191.97999572753903,188.92999267578125,190.44000244140625,7661929,0,0
2022-11-08 15:00:00-05:00,190.43499755859372,191.97039794921875,190.1999969482422,191.91000366210935,6390980,0,0
2022-11-08 15:30:00-05:00,191.91000366210935,192.47000122070312,191.22000122070312,191.27999877929688,10571999,0,0
2022-11-09 09:30:00-05:00,189.2700042724609,195.88999938964844,187.1699981689453,190.85499572753903,20998711,0,0
2022-11-09 10:00:00-05:00,190.85499572753903,193.34500122070312,190.1000061035156,190.96229553222656,9449465,0,0
2022-11-09 10:30:00-05:00,190.97999572753903,191.1656951904297,187.97000122070312,188.17999267578125,7844088,0,0
2022-11-09 11:00:00-05:00,188.2100067138672,189.47999572753903,187.3500061035156,187.60650634765625,5751699,0,0
2022-11-09 11:30:00-05:00,187.6000061035156,188.58999633789065,186.3000030517578,187.3769073486328,6126897,0,0
2022-11-09 12:00:00-05:00,187.38999938964844,187.72000122070312,184.5500030517578,185.6499938964844,6710753,0,0
2022-11-09 12:30:00-05:00,185.6614990234375,185.8999938964844,183.6000061035156,183.8600006103516,6079127,0,0
2022-11-09 13:00:00-05:00,183.88999938964844,184.6499938964844,180.07000732421875,180.2449951171875,9863376,0,0
2022-11-09 13:30:00-05:00,180.2449951171875,180.3999938964844,178.00999450683594,179.1300048828125,12995053,0,0
2022-11-09 14:00:00-05:00,179.13999938964844,181.6699981689453,179.11000061035156,181.5500030517578,10176184,0,0
2022-11-09 14:30:00-05:00,181.5500030517578,181.58999633789065,179.14999389648438,179.32000732421875,7135262,0,0
2022-11-09 15:00:00-05:00,179.3000030517578,180.6999969482422,179.1199951171875,180.02999877929688,6576601,0,0
2022-11-09 15:30:00-05:00,180.02000427246094,180.9199981689453,177.1199951171875,177.60000610351562,12592677,0,0
2022-11-10 09:30:00-05:00,189.8999938964844,190.1499938964844,180.02999877929688,187.91000366210935,39129102,0,0
2022-11-10 10:00:00-05:00,187.92999267578125,189.8699951171875,184.8000030517578,188.4900054931641,13918489,0,0
2022-11-10 10:30:00-05:00,188.4900054931641,189.6699981689453,185.32000732421875,188.47999572753903,10014541,0,0
2022-11-10 11:00:00-05:00,188.4228973388672,189.1699981689453,185.8999938964844,189.0,7114410,0,0
2022-11-10 11:30:00-05:00,188.9904937744141,191.0,188.6100006103516,190.2899932861328,9042969,0,0
2022-11-10 12:00:00-05:00,190.2998962402344,191.0,189.25,190.26499938964844,6095420,0,0
2022-11-10 12:30:00-05:00,190.2899932861328,190.3000030517578,186.8500061035156,187.0404052734375,5986247,0,0
2022-11-10 13:00:00-05:00,187.0800018310547,189.02999877929688,186.8300018310547,188.0800018310547,4156958,0,0
2022-11-10 13:30:00-05:00,188.10369873046875,188.9398956298828,187.6000061035156,188.33999633789065,3197160,0,0
2022-11-10 14:00:00-05:00,188.3800048828125,188.5500030517578,186.05999755859372,186.9600067138672,4535273,0,0
2022-11-10 14:30:00-05:00,186.9499969482422,187.048095703125,185.6100006103516,186.1499938964844,4365289,0,0
2022-11-10 15:00:00-05:00,186.1100006103516,188.5,185.1100006103516,188.28500366210935,7563047,0,0
2022-11-10 15:30:00-05:00,188.2700958251953,190.8300018310547,187.7666015625,190.61050415039065,10928927,0,0
2022-11-11 09:30:00-05:00,186.0,187.0399932861328,182.58999633789065,185.0861053466797,20138949,0,0
2022-11-11 10:00:00-05:00,185.0500030517578,193.8600006103516,184.33999633789065,192.44749450683597,15726676,0,0
2022-11-11 10:30:00-05:00,192.47959899902344,193.0,189.3999938964844,189.66079711914065,9737477,0,0
2022-11-11 11:00:00-05:00,189.69000244140625,191.6499938964844,188.1100006103516,188.28160095214844,7945826,0,0
2022-11-11 11:30:00-05:00,188.27999877929688,191.3999938964844,187.57000732421875,190.5449981689453,6999729,0,0
2022-11-11 12:00:00-05:00,190.5200042724609,192.4600067138672,190.07000732421875,191.72999572753903,5114170,0,0
2022-11-11 12:30:00-05:00,191.7613067626953,193.0,190.50999450683597,192.59500122070312,4418369,0,0
2022-11-11 13:00:00-05:00,192.5500030517578,196.22000122070312,192.5399932861328,195.3500061035156,9683556,0,0
2022-11-11 13:30:00-05:00,195.33999633789065,196.0500030517578,193.9199981689453,195.6100006103516,6241745,0,0
2022-11-11 14:00:00-05:00,195.6199951171875,196.4600067138672,194.27999877929688,196.44000244140625,6574661,0,0
2022-11-11 14:30:00-05:00,196.3699951171875,196.5200042724609,195.3500061035156,196.3500061035156,5119213,0,0
2022-11-11 15:00:00-05:00,196.3500061035156,196.38999938964844,193.3699951171875,194.91900634765625,6513398,0,0
2022-11-11 15:30:00-05:00,194.91319274902344,196.27999877929688,194.3000030517578,195.8800048828125,6887386,0,0
2022-11-14 09:30:00-05:00,192.7700042724609,194.8500061035156,186.33999633789065,188.7599029541016,17160986,0,0
2022-11-14 10:00:00-05:00,188.72999572753903,191.57000732421875,188.4499969482422,190.42410278320312,9790602,0,0
2022-11-14 10:30:00-05:00,190.4900054931641,193.0800018310547,189.9499969482422,192.47000122070312,8510863,0,0
2022-11-14 11:00:00-05:00,192.47000122070312,192.6000061035156,188.8800048828125,189.1199951171875,5748053,0,0
2022-11-14 11:30:00-05:00,189.1150054931641,192.5,189.0850067138672,192.05520629882807,5051999,0,0
2022-11-14 12:00:00-05:00,192.07000732421875,194.75,191.75999450683597,193.67739868164065,7980923,0,0
2022-11-14 12:30:00-05:00,193.67999267578125,195.639892578125,193.5,193.6450042724609,5012649,0,0
2022-11-14 13:00:00-05:00,193.6499938964844,195.72999572753903,192.7801055908203,195.47000122070312,4870505,0,0
2022-11-14 13:30:00-05:00,195.47000122070312,195.5,193.9199981689453,194.66000366210935,4221219,0,0
2022-11-14 14:00:00-05:00,194.6499938964844,195.16000366210935,193.0800018310547,194.0522003173828,4004525,0,0
2022-11-14 14:30:00-05:00,194.05999755859372,194.17999267578125,191.9499969482422,192.72349548339844,4781219,0,0
2022-11-14 15:00:00-05:00,192.7700042724609,194.08999633789065,192.25999450683597,192.6999969482422,5381988,0,0
2022-11-14 15:30:00-05:00,192.72999572753903,192.92999267578125,190.5,190.9499969482422,6978494,0,0
2022-11-15 09:30:00-05:00,195.8800048828125,199.67999267578125,194.41000366210935,199.4600067138672,19347930,0,0
2022-11-15 10:00:00-05:00,199.4499969482422,200.82369995117188,197.72000122070312,200.08999633789065,11042519,0,0
2022-11-15 10:30:00-05:00,200.11990356445312,200.52999877929688,197.41009521484372,197.8657073974609,7118116,0,0
2022-11-15 11:00:00-05:00,197.83999633789065,200.1999969482422,197.02999877929688,198.40040588378903,6266873,0,0
2022-11-15 11:30:00-05:00,198.4199981689453,199.44000244140625,197.6999969482422,198.9499053955078,4112380,0,0
2022-11-15 12:00:00-05:00,198.92999267578125,198.9499969482422,197.2100067138672,197.8500061035156,3211934,0,0
2022-11-15 12:30:00-05:00,197.8300018310547,198.63999938964844,197.4499969482422,198.0200042724609,2941740,0,0
2022-11-15 13:00:00-05:00,198.0500030517578,198.3300018310547,194.2700042724609,194.6499938964844,5235031,0,0
2022-11-15 13:30:00-05:00,194.5500030517578,195.26809692382807,192.05999755859372,193.97000122070312,8102090,0,0
2022-11-15 14:00:00-05:00,194.0,195.75999450683597,192.0800018310547,195.25999450683597,6208015,0,0
2022-11-15 14:30:00-05:00,195.25169372558597,195.4499053955078,192.67999267578125,194.11990356445312,4735331,0,0
2022-11-15 15:00:00-05:00,194.0915069580078,195.17999267578125,193.80999755859372,194.32000732421875,3704816,0,0
2022-11-15 15:30:00-05:00,194.3500061035156,194.58999633789065,193.2400054931641,194.4600067138672,5097278,0,0
2022-11-16 09:30:00-05:00,190.63839721679688,192.57000732421875,188.4499969482422,188.7100067138672,12894935,0,0
2022-11-16 10:00:00-05:00,188.68670654296875,189.5500030517578,187.08999633789065,188.17140197753903,7867685,0,0
2022-11-16 10:30:00-05:00,188.17550659179688,189.3385009765625,186.9900054931641,187.4951934814453,6304342,0,0
2022-11-16 11:00:00-05:00,187.4900054931641,190.0894012451172,187.2700042724609,188.78419494628903,5759140,0,0
2022-11-16 11:30:00-05:00,188.8000030517578,189.4900054931641,187.82000732421875,187.88499450683597,3758244,0,0
2022-11-16 12:00:00-05:00,187.8999938964844,189.5,187.72999572753903,188.15499877929688,2744844,0,0
2022-11-16 12:30:00-05:00,188.13040161132807,189.6999969482422,187.8800048828125,188.88479614257807,3455915,0,0
2022-11-16 13:00:00-05:00,188.8699951171875,189.1100006103516,188.32000732421875,188.3699951171875,1846990,0,0
2022-11-16 13:30:00-05:00,188.3699951171875,188.6199951171875,187.5,187.5948028564453,2525525,0,0
2022-11-16 14:00:00-05:00,187.58999633789065,188.0800018310547,187.0,187.7899932861328,3115429,0,0
2022-11-16 14:30:00-05:00,187.8000030517578,187.80999755859372,186.57009887695312,187.2949981689453,3718104,0,0
2022-11-16 15:00:00-05:00,187.2949981689453,187.572998046875,185.66000366210935,186.16000366210935,4450223,0,0
2022-11-16 15:30:00-05:00,186.1699981689453,187.47000122070312,185.7899932861328,186.94000244140625,5103934,0,0
2022-11-17 09:30:00-05:00,183.9600067138672,186.16000366210935,182.8999938964844,183.6100006103516,11795381,0,0
2022-11-17 10:00:00-05:00,183.59559631347656,185.6499938964844,182.3000030517578,184.8730010986328,7984901,0,0
2022-11-17 10:30:00-05:00,184.8542938232422,185.33999633789065,183.1999969482422,183.3778076171875,4305561,0,0
2022-11-17 11:00:00-05:00,183.39959716796875,184.1000061035156,182.6501007080078,183.6199951171875,4013443,0,0
2022-11-17 11:30:00-05:00,183.6000061035156,184.7700042724609,183.1199951171875,184.67840576171875,3941906,0,0
2022-11-17 12:00:00-05:00,184.75,185.2700042724609,183.72000122070312,183.8845977783203,3264080,0,0
2022-11-17 12:30:00-05:00,183.8800048828125,184.55999755859372,183.3600006103516,184.45919799804688,2493787,0,0
2022-11-17 13:00:00-05:00,184.4600067138672,185.3500061035156,184.16000366210935,184.75,2570541,0,0
2022-11-17 13:30:00-05:00,184.77999877929688,185.8300018310547,184.44949340820312,184.625,2766427,0,0
2022-11-17 14:00:00-05:00,184.6199951171875,184.72000122070312,182.3500061035156,182.45620727539065,4222194,0,0
2022-11-17 14:30:00-05:00,182.53860473632807,182.67990112304688,181.3600006103516,181.83399963378903,5435275,0,0
2022-11-17 15:00:00-05:00,181.8498992919922,182.4720001220703,180.8999938964844,181.3699951171875,3898296,0,0
2022-11-17 15:30:00-05:00,181.3500061035156,183.25,181.1699981689453,183.17999267578125,5251805,0,0
2022-11-18 09:30:00-05:00,185.0500030517578,185.19000244140625,179.3000946044922,179.6199951171875,13918583,0,0
2022-11-18 10:00:00-05:00,179.60000610351562,179.8000030517578,177.32000732421875,178.35000610351562,10405536,0,0
2022-11-18 10:30:00-05:00,178.36000061035156,179.66000366210938,176.8300018310547,177.41009521484375,7339801,0,0
2022-11-18 11:00:00-05:00,177.42999267578125,179.1199951171875,176.5500030517578,178.5478973388672,5642794,0,0
2022-11-18 11:30:00-05:00,178.58619689941406,178.66000366210938,177.52999877929688,178.4199981689453,3426393,0,0
2022-11-18 12:00:00-05:00,178.447998046875,178.6999969482422,176.97999572753906,177.54989624023438,5716332,0,0
2022-11-18 12:30:00-05:00,177.52000427246094,178.22000122070312,177.42999267578125,178.11000061035156,3465713,0,0
2022-11-18 13:00:00-05:00,178.10000610351562,179.6300048828125,177.9700927734375,179.47450256347656,3406465,0,0
2022-11-18 13:30:00-05:00,179.47999572753906,179.5,177.9600067138672,178.63999938964844,3157925,0,0
2022-11-18 14:00:00-05:00,178.65460205078125,178.97999572753906,177.97000122070312,178.15159606933594,2556258,0,0
2022-11-18 14:30:00-05:00,178.1199951171875,178.66000366210938,177.8800048828125,178.5,2701880,0,0
2022-11-18 15:00:00-05:00,178.49000549316406,180.47999572753903,178.47000122070312,180.2899932861328,5362263,0,0
2022-11-18 15:30:00-05:00,180.2899932861328,180.8300018310547,179.6999969482422,180.1999969482422,5939139,0,0
2022-11-21 09:30:00-05:00,175.85000610351562,176.77000427246094,173.22999572753906,174.1116943359375,15556538,0,0
2022-11-21 10:00:00-05:00,174.125,174.2899932861328,173.00999450683594,173.01010131835938,7199841,0,0
2022-11-21 10:30:00-05:00,173.0500030517578,173.32000732421875,170.0,171.06149291992188,10196537,0,0
2022-11-21 11:00:00-05:00,171.0500030517578,172.39999389648438,170.42999267578125,172.00999450683594,6519303,0,0
2022-11-21 11:30:00-05:00,171.96719360351562,172.0399932861328,170.32000732421875,170.52999877929688,4760033,0,0
2022-11-21 12:00:00-05:00,170.5,171.10000610351562,168.52000427246094,168.76010131835938,7022677,0,0
2022-11-21 12:30:00-05:00,168.7899932861328,169.99000549316406,168.69000244140625,168.9499053955078,4743847,0,0
2022-11-21 13:00:00-05:00,168.91990661621094,170.3699951171875,168.86000061035156,169.8612060546875,4688404,0,0
2022-11-21 13:30:00-05:00,169.8612060546875,170.3153076171875,168.8699951171875,168.89390563964844,4000921,0,0
2022-11-21 14:00:00-05:00,168.89999389648438,169.5,168.0399932861328,168.13499450683594,4250561,0,0
2022-11-21 14:30:00-05:00,168.13499450683594,169.02999877929688,167.5399932861328,168.47999572753906,5927671,0,0
2022-11-21 15:00:00-05:00,168.45199584960938,169.2100067138672,167.8502960205078,168.06500244140625,5059733,0,0
2022-11-21 15:30:00-05:00,168.0800018310547,168.72999572753906,167.5800018310547,167.8699951171875,9000556,0,0
2022-11-22 09:30:00-05:00,168.6300048828125,170.77000427246094,166.18499755859375,166.7899932861328,18699451,0,0
2022-11-22 10:00:00-05:00,166.8000030517578,170.9199981689453,166.52999877929688,168.8699951171875,11441306,0,0
2022-11-22 10:30:00-05:00,168.88999938964844,170.08189392089844,167.50999450683594,169.6300048828125,7589111,0,0
2022-11-22 11:00:00-05:00,169.66000366210938,169.9886016845703,168.0,168.80499267578125,4550162,0,0
2022-11-22 11:30:00-05:00,168.82000732421875,168.94000244140625,167.52000427246094,168.58999633789062,3805095,0,0
2022-11-22 12:00:00-05:00,168.5800018310547,169.3300018310547,168.55999755859375,168.64999389648438,3532483,0,0
2022-11-22 12:30:00-05:00,168.65780639648438,168.8000030517578,168.0399932861328,168.4158935546875,2166155,0,0
2022-11-22 13:00:00-05:00,168.4199981689453,169.5,168.02000427246094,169.2899932861328,3260540,0,0
2022-11-22 13:30:00-05:00,169.30999755859375,169.39999389648438,168.6199951171875,168.66029357910156,2487566,0,0
2022-11-22 14:00:00-05:00,168.67379760742188,168.8699951171875,167.4199981689453,168.1199951171875,4208722,0,0
2022-11-22 14:30:00-05:00,168.139892578125,168.83999633789062,167.77999877929688,168.74989318847656,3621866,0,0
2022-11-22 15:00:00-05:00,168.74000549316406,169.72940063476562,168.66000366210938,169.58999633789062,4621721,0,0
2022-11-22 15:30:00-05:00,169.5800018310547,170.00999450683594,169.32000732421875,169.90989685058594,6095277,0,0
2022-11-23 09:30:00-05:00,173.57000732421875,177.33999633789062,172.5,177.2700958251953,19351489,0,0
2022-11-23 10:00:00-05:00,177.32899475097656,179.49000549316406,176.75,179.0500030517578,13118664,0,0
2022-11-23 10:30:00-05:00,179.07000732421875,181.1699981689453,178.7100067138672,181.1699981689453,10624563,0,0
2022-11-23 11:00:00-05:00,181.1793975830078,181.4199981689453,180.25,180.8415985107422,7563270,0,0
2022-11-23 11:30:00-05:00,180.8504943847656,180.94000244140625,178.35009765625,178.50010681152344,7456325,0,0
2022-11-23 12:00:00-05:00,178.5,180.05999755859375,178.49000549316406,179.35499572753906,5453276,0,0
2022-11-23 12:30:00-05:00,179.36500549316406,179.8000030517578,177.5800018310547,178.0966033935547,5071257,0,0
2022-11-23 13:00:00-05:00,178.11000061035156,178.97000122070312,177.59979248046875,178.94500732421875,4212038,0,0
2022-11-23 13:30:00-05:00,178.97000122070312,179.86000061035156,178.94000244140625,179.7899932861328,4093782,0,0
2022-11-23 14:00:00-05:00,179.79049682617188,182.3800048828125,178.85000610351562,181.92999267578125,9284614,0,0
2022-11-23 14:30:00-05:00,181.91639709472656,183.3699951171875,181.2100067138672,183.13999938964844,6728160,0,0
2022-11-23 15:00:00-05:00,183.1699981689453,183.6199951171875,182.42999267578125,183.10499572753903,6150374,0,0
2022-11-23 15:30:00-05:00,183.1000061035156,183.3999938964844,182.52999877929688,183.2899932861328,7359730,0,0
2022-11-25 09:30:00-05:00,185.05999755859372,185.1999969482422,180.6300048828125,182.1000061035156,17352819,0,0
2022-11-25 10:00:00-05:00,182.093994140625,184.5200042724609,181.7899932861328,183.3081970214844,9245544,0,0
2022-11-25 10:30:00-05:00,183.3235015869141,184.22000122070312,182.7100067138672,183.222900390625,6047054,0,0
2022-11-25 11:00:00-05:00,183.2700042724609,183.9499969482422,182.0500030517578,182.16000366210935,4634774,0,0
2022-11-25 11:30:00-05:00,182.1699981689453,182.9900054931641,181.9499969482422,182.44769287109372,3759990,0,0
2022-11-25 12:00:00-05:00,182.42999267578125,183.0,182.0,182.9499969482422,3621559,0,0
2022-11-25 12:30:00-05:00,182.9499969482422,182.97000122070312,182.3000030517578,182.5249938964844,1801696,0,0
2022-11-25 13:00:00-05:00,182.8600006103516,183.0,182.6199951171875,182.80999755859372,0,0,0
2022-11-28 09:30:00-05:00,179.9600067138672,184.5988006591797,179.0,184.42999267578125,14298428,0,0
2022-11-28 10:00:00-05:00,184.42999267578125,186.2700042724609,183.7700042724609,184.1649932861328,10918399,0,0
2022-11-28 10:30:00-05:00,184.1699066162109,185.4499969482422,183.63999938964844,184.57000732421875,6874540,0,0
2022-11-28 11:00:00-05:00,184.5536956787109,187.28900146484372,184.41000366210935,186.9750061035156,7355657,0,0
2022-11-28 11:30:00-05:00,186.98809814453125,188.5,186.9114990234375,187.52999877929688,7484265,0,0
2022-11-28 12:00:00-05:00,187.52999877929688,188.33990478515625,186.33999633789065,187.0200042724609,6362297,0,0
2022-11-28 12:30:00-05:00,187.0200042724609,188.4199981689453,186.3500061035156,186.3600006103516,5150502,0,0
2022-11-28 13:00:00-05:00,186.375,186.97000122070312,185.6450042724609,186.1100006103516,4425402,0,0
2022-11-28 13:30:00-05:00,186.08999633789065,186.2100067138672,183.6999969482422,184.10400390625,5186214,0,0
2022-11-28 14:00:00-05:00,184.08999633789065,184.3600006103516,182.8500061035156,183.67999267578125,6295466,0,0
2022-11-28 14:30:00-05:00,183.67999267578125,184.4600067138672,183.33999633789065,183.66000366210935,4823564,0,0
2022-11-28 15:00:00-05:00,183.69000244140625,184.0,182.66000366210935,182.92990112304688,4728512,0,0
2022-11-28 15:30:00-05:00,182.9199981689453,183.7400054931641,182.7700042724609,182.9199981689453,6529977,0,0
2022-11-29 09:30:00-05:00,184.9900054931641,185.75,181.4499969482422,182.07150268554688,13642722,0,0
2022-11-29 10:00:00-05:00,182.08999633789065,185.9900054931641,181.8600006103516,185.8600006103516,10349888,0,0
2022-11-29 10:30:00-05:00,185.8954925537109,186.3800048828125,184.3600006103516,184.5399932861328,8709889,0,0
2022-11-29 11:00:00-05:00,184.57000732421875,184.82000732421875,182.22000122070312,183.0334930419922,7821400,0,0
2022-11-29 11:30:00-05:00,183.0301055908203,183.61399841308597,181.5500030517578,182.74220275878903,6224164,0,0
2022-11-29 12:00:00-05:00,182.75,183.27999877929688,182.22000122070312,182.5825042724609,3711012,0,0
2022-11-29 12:30:00-05:00,182.59190368652344,183.50999450683597,182.3800048828125,182.5,3098531,0,0
2022-11-29 13:00:00-05:00,182.5,182.6199951171875,180.6699981689453,180.67010498046875,4189306,0,0
2022-11-29 13:30:00-05:00,180.6737060546875,181.08999633789065,179.17999267578125,179.86000061035156,5734903,0,0
2022-11-29 14:00:00-05:00,179.86000061035156,180.6699066162109,179.75,180.27999877929688,4613169,0,0
2022-11-29 14:30:00-05:00,180.30889892578125,180.32989501953125,179.39999389648438,179.5579071044922,3444263,0,0
2022-11-29 15:00:00-05:00,179.53990173339844,180.58999633789065,178.75,180.22000122070312,4763432,0,0
2022-11-29 15:30:00-05:00,180.2487030029297,181.0,179.88999938964844,180.82000732421875,5060082,0,0
2022-11-30 09:30:00-05:00,182.42999267578125,185.4600067138672,182.42999267578125,183.76499938964844,13031288,0,0
2022-11-30 10:00:00-05:00,183.77999877929688,185.0,182.3600006103516,184.71499633789065,7214592,0,0
2022-11-30 10:30:00-05:00,184.6999969482422,184.9499969482422,182.88999938964844,183.63999938964844,5060925,0,0
2022-11-30 11:00:00-05:00,183.6699981689453,183.9499969482422,181.72000122070312,182.1499938964844,4514541,0,0
2022-11-30 11:30:00-05:00,182.1300048828125,183.3000030517578,181.97999572753903,182.63499450683597,3808090,0,0
2022-11-30 12:00:00-05:00,182.6000061035156,182.75999450683597,180.63009643554688,181.2991943359375,4101189,0,0
2022-11-30 12:30:00-05:00,181.25570678710935,182.22999572753903,181.0,181.81500244140625,2816266,0,0
2022-11-30 13:00:00-05:00,181.8199005126953,182.8800048828125,181.76010131835935,182.4900054931641,2459064,0,0
2022-11-30 13:30:00-05:00,182.48989868164065,186.7747039794922,181.5500030517578,186.69259643554688,10289226,0,0
2022-11-30 14:00:00-05:00,186.67999267578125,190.67999267578125,186.6100006103516,190.5328063964844,13104731,0,0
2022-11-30 14:30:00-05:00,190.5328063964844,190.58999633789065,187.6499938964844,188.9989013671875,8553995,0,0
2022-11-30 15:00:00-05:00,188.9850006103516,190.8300018310547,188.77999877929688,190.5489044189453,6918680,0,0
2022-11-30 15:30:00-05:00,190.5500030517578,194.75999450683597,189.8500061035156,194.7075042724609,13414736,0,0
2022-12-01 09:30:00-05:00,197.0800018310547,198.9199981689453,194.67999267578125,196.19500732421875,19367190,0,0
2022-12-01 10:00:00-05:00,196.25,196.6300048828125,191.8000030517578,192.5509033203125,9752025,0,0
2022-12-01 10:30:00-05:00,192.55630493164065,196.66000366210935,191.8000030517578,196.57000732421875,9064639,0,0
2022-12-01 11:00:00-05:00,196.6000061035156,196.6999969482422,194.1300048828125,194.7154998779297,6500617,0,0
2022-12-01 11:30:00-05:00,194.69000244140625,196.0500030517578,193.75,194.6000061035156,4845606,0,0
2022-12-01 12:00:00-05:00,194.5800018310547,194.8800048828125,193.8000030517578,194.66000366210935,3308679,0,0
2022-12-01 12:30:00-05:00,194.63999938964844,195.08999633789065,194.0500030517578,195.0800018310547,2853415,0,0
2022-12-01 13:00:00-05:00,195.0417938232422,196.32460021972656,194.72000122070312,194.8699951171875,4016733,0,0
2022-12-01 13:30:00-05:00,194.8600006103516,195.2198944091797,194.30999755859372,195.1000061035156,2831649,0,0
2022-12-01 14:00:00-05:00,195.1000061035156,195.3999938964844,194.2899932861328,194.7100067138672,2810745,0,0
2022-12-01 14:30:00-05:00,194.72000122070312,195.0,193.860107421875,194.4696044921875,3125702,0,0
2022-12-01 15:00:00-05:00,194.47999572753903,194.72390747070312,193.1300048828125,193.70550537109372,3927892,0,0
2022-12-01 15:30:00-05:00,193.6999969482422,194.9600067138672,193.60009765625,194.80999755859372,5127163,0,0
2022-12-02 09:30:00-05:00,191.77999877929688,195.57989501953125,191.6000061035156,193.17999267578125,15441990,0,0
2022-12-02 10:00:00-05:00,193.11810302734372,196.25,192.610107421875,195.2962951660156,8861788,0,0
2022-12-02 10:30:00-05:00,195.3184967041016,195.44000244140625,192.55999755859372,192.58999633789065,5876992,0,0
2022-12-02 11:00:00-05:00,192.572998046875,193.14540100097656,191.7100067138672,193.05670166015625,5671978,0,0
2022-12-02 11:30:00-05:00,193.0800018310547,193.80569458007807,192.30169677734372,192.55999755859372,4191023,0,0
2022-12-02 12:00:00-05:00,192.55499267578125,193.2599029541016,192.1999969482422,192.1999969482422,3135163,0,0
2022-12-02 12:30:00-05:00,192.2030029296875,192.7057037353516,191.92999267578125,192.15499877929688,2687735,0,0
2022-12-02 13:00:00-05:00,192.17999267578125,192.8690948486328,191.1100006103516,191.79379272460935,4211020,0,0
2022-12-02 13:30:00-05:00,191.8199005126953,192.47999572753903,191.38999938964844,192.2100067138672,2641359,0,0
2022-12-02 14:00:00-05:00,192.2032928466797,192.6000061035156,191.5500030517578,192.4900054931641,2703290,0,0
2022-12-02 14:30:00-05:00,192.47000122070312,193.5800018310547,191.9199981689453,193.49989318847656,3516405,0,0
2022-12-02 15:00:00-05:00,193.4900054931641,195.02999877929688,193.32269287109372,194.5800018310547,5853306,0,0
2022-12-02 15:30:00-05:00,194.57260131835935,194.97000122070312,193.6999969482422,194.8500061035156,6906754,0,0
2022-12-05 09:30:00-05:00,189.1000061035156,191.2700042724609,185.5,185.9019927978516,20289873,0,0
2022-12-05 10:00:00-05:00,185.83999633789065,186.08819580078125,183.8000030517578,184.9600067138672,11138701,0,0
2022-12-05 10:30:00-05:00,184.9600067138672,186.2299041748047,184.0399932861328,186.1199951171875,6896007,0,0
2022-12-05 11:00:00-05:00,186.10009765625,187.41000366210935,185.16000366210935,185.30999755859372,6652751,0,0
2022-12-05 11:30:00-05:00,185.32000732421875,185.47000122070312,184.110107421875,184.2321014404297,5099410,0,0
2022-12-05 12:00:00-05:00,184.2400054931641,184.97300720214844,183.6999969482422,184.0800018310547,3974607,0,0
2022-12-05 12:30:00-05:00,184.0800018310547,184.2299041748047,182.6000061035156,183.0399932861328,4852673,0,0
2022-12-05 13:00:00-05:00,183.00999450683597,183.6000061035156,182.4501037597656,183.33999633789065,4328947,0,0
2022-12-05 13:30:00-05:00,183.33999633789065,183.9900054931641,182.19000244140625,182.27999877929688,4029135,0,0
2022-12-05 14:00:00-05:00,182.27999877929688,182.67999267578125,181.82000732421875,182.3500061035156,4093606,0,0
2022-12-05 14:30:00-05:00,182.3300018310547,182.3300018310547,180.8800048828125,181.36990356445312,4989263,0,0
2022-12-05 15:00:00-05:00,181.3500061035156,181.67999267578125,180.76010131835935,181.1199951171875,4871641,0,0
2022-12-05 15:30:00-05:00,181.125,182.57000732421875,180.5500030517578,182.5,8845983,0,0
2022-12-06 09:30:00-05:00,181.21499633789065,183.13999938964844,176.52000427246094,176.7100067138672,18144418,0,0
2022-12-06 10:00:00-05:00,176.7100067138672,177.75,175.3300018310547,176.92999267578125,11065712,0,0
2022-12-06 10:30:00-05:00,176.89999389648438,177.19000244140625,175.56979370117188,176.56069946289062,6060518,0,0
2022-12-06 11:00:00-05:00,176.55999755859375,179.75,176.39999389648438,179.3300018310547,7760728,0,0
2022-12-06 11:30:00-05:00,179.347900390625,180.1999969482422,178.5500030517578,179.8101043701172,6132127,0,0
2022-12-06 12:00:00-05:00,179.80999755859375,180.4391021728516,177.86000061035156,178.26499938964844,5363722,0,0
2022-12-06 12:30:00-05:00,178.2449951171875,179.61990356445312,177.92999267578125,178.74400329589844,4292803,0,0
2022-12-06 13:00:00-05:00,178.74989318847656,179.1298065185547,177.42999267578125,177.875,3768157,0,0
2022-12-06 13:30:00-05:00,177.88900756835938,179.57009887695312,177.3800048828125,179.1898956298828,5119986,0,0
2022-12-06 14:00:00-05:00,179.1999969482422,179.2899932861328,178.0500030517578,178.07000732421875,6110341,0,0
2022-12-06 14:30:00-05:00,178.06500244140625,179.72000122070312,177.6999969482422,179.10000610351562,4125718,0,0
2022-12-06 15:00:00-05:00,179.11000061035156,179.97250366210938,178.52999877929688,178.9499969482422,4567074,0,0
2022-12-06 15:30:00-05:00,178.9499969482422,180.63890075683597,178.9199981689453,179.80999755859375,7318634,0,0
2022-12-07 09:30:00-05:00,175.02999877929688,179.3800048828125,173.9199981689453,174.39999389648438,17008000,0,0
2022-12-07 10:00:00-05:00,174.3751983642578,175.28970336914062,172.64010620117188,173.93040466308594,11492816,0,0
2022-12-07 10:30:00-05:00,173.92999267578125,175.49000549316406,172.55999755859375,174.6699981689453,8355448,0,0
2022-12-07 11:00:00-05:00,174.85000610351562,175.58999633789062,172.82000732421875,173.02000427246094,6543259,0,0
2022-12-07 11:30:00-05:00,173.02670288085938,173.58309936523438,172.21800231933594,173.07839965820312,5205433,0,0
2022-12-07 12:00:00-05:00,173.07000732421875,173.83999633789062,172.6999969482422,173.19000244140625,3683712,0,0
2022-12-07 12:30:00-05:00,173.1999969482422,174.48899841308594,172.75999450683594,174.32550048828125,3954673,0,0
2022-12-07 13:00:00-05:00,174.3199005126953,175.17999267578125,173.75999450683594,174.6304931640625,3884767,0,0
2022-12-07 13:30:00-05:00,174.60000610351562,174.61419677734375,173.1199951171875,173.27499389648438,3322166,0,0
2022-12-07 14:00:00-05:00,173.26010131835938,173.8800048828125,172.8809051513672,173.2899932861328,3569092,0,0
2022-12-07 14:30:00-05:00,173.2899932861328,173.60000610351562,172.6199951171875,173.0500030517578,3834651,0,0
2022-12-07 15:00:00-05:00,173.0500030517578,173.47999572753906,172.24000549316406,173.02999877929688,4380189,0,0
2022-12-07 15:30:00-05:00,173.02000427246094,174.3300018310547,172.8300018310547,174.03500366210938,6372544,0,0
2022-12-08 09:30:00-05:00,172.1999969482422,173.75,169.05999755859375,173.0050048828125,18712327,0,0
2022-12-08 10:00:00-05:00,173.0,174.8780975341797,172.14999389648438,174.6999969482422,11016203,0,0
2022-12-08 10:30:00-05:00,174.74130249023438,175.1999969482422,172.30999755859375,172.375,7680602,0,0
2022-12-08 11:00:00-05:00,172.38999938964844,172.42999267578125,170.3000030517578,170.83999633789062,7900289,0,0
2022-12-08 11:30:00-05:00,170.86500549316406,171.3000030517578,169.35000610351562,170.63999938964844,7751819,0,0
2022-12-08 12:00:00-05:00,170.66990661621094,170.889892578125,169.8000030517578,170.1649932861328,4787931,0,0
2022-12-08 12:30:00-05:00,170.1699981689453,171.8000030517578,169.85000610351562,171.57000732421875,4768307,0,0
2022-12-08 13:00:00-05:00,171.59170532226562,173.24000549316406,171.25999450683594,173.18800354003906,5383512,0,0
2022-12-08 13:30:00-05:00,173.19000244140625,174.0,172.30999755859375,172.3300018310547,5074529,0,0
2022-12-08 14:00:00-05:00,172.3271026611328,173.1699981689453,171.36000061035156,172.6699981689453,5335354,0,0
2022-12-08 14:30:00-05:00,172.6699981689453,174.3699951171875,172.1300048828125,173.5399932861328,6248694,0,0
2022-12-08 15:00:00-05:00,173.52999877929688,174.3000030517578,173.05999755859375,174.0800018310547,4956405,0,0
2022-12-08 15:30:00-05:00,174.10000610351562,174.4550018310547,173.05999755859375,173.52999877929688,5787380,0,0
2022-12-09 09:30:00-05:00,173.83999633789062,179.3699951171875,173.36000061035156,177.9949951171875,20655546,0,0
2022-12-09 10:00:00-05:00,178.16920471191406,179.36000061035156,176.75999450683594,179.25100708007812,12349505,0,0
2022-12-09 10:30:00-05:00,179.25999450683594,182.22999572753903,179.24000549316406,182.1100006103516,11382600,0,0
2022-12-09 11:00:00-05:00,182.12249755859372,182.4199981689453,180.1699981689453,181.29840087890625,8148571,0,0
2022-12-09 11:30:00-05:00,181.2700042724609,181.9600067138672,180.25,181.77999877929688,5116868,0,0
2022-12-09 12:00:00-05:00,181.8000030517578,182.3500061035156,181.2899932861328,182.05990600585935,4766993,0,0
2022-12-09 12:30:00-05:00,182.0500030517578,182.5,180.41000366210935,180.5399932861328,5888369,0,0
2022-12-09 13:00:00-05:00,180.52999877929688,180.52999877929688,178.52000427246094,178.97459411621094,6962862,0,0
2022-12-09 13:30:00-05:00,178.9499969482422,180.57000732421875,178.8000030517578,180.44009399414065,5294315,0,0
2022-12-09 14:00:00-05:00,180.42999267578125,181.6699981689453,179.89999389648438,181.30499267578125,4864240,0,0
2022-12-09 14:30:00-05:00,181.3300018310547,181.63999938964844,180.4199981689453,180.97000122070312,4595822,0,0
2022-12-09 15:00:00-05:00,180.9499969482422,181.2700042724609,180.1699981689453,180.3701019287109,4726829,0,0
2022-12-09 15:30:00-05:00,180.3699951171875,180.75999450683597,178.6199951171875,179.02999877929688,7425865,0,0
2022-12-12 09:30:00-05:00,177.0,179.0500030517578,172.5,173.1300048828125,16055581,0,0
2022-12-12 10:00:00-05:00,173.16000366210938,173.7899932861328,170.9499969482422,172.2449951171875,9795015,0,0
2022-12-12 10:30:00-05:00,172.25,172.32000732421875,170.38999938964844,171.8657989501953,7722836,0,0
2022-12-12 11:00:00-05:00,171.85499572753906,172.8300018310547,171.2655029296875,171.90499877929688,6380283,0,0
2022-12-12 11:30:00-05:00,171.89999389648438,171.95840454101562,170.39999389648438,170.4949951171875,5369373,0,0
2022-12-12 12:00:00-05:00,170.5,170.89999389648438,170.0800018310547,170.76499938964844,4975359,0,0
2022-12-12 12:30:00-05:00,170.75,171.85000610351562,170.58999633789062,171.27000427246094,4459227,0,0
2022-12-12 13:00:00-05:00,171.2949981689453,171.94000244140625,169.7100067138672,169.93499755859375,7421291,0,0
2022-12-12 13:30:00-05:00,169.93499755859375,170.10000610351562,168.35000610351562,168.64500427246094,7616881,0,0
2022-12-12 14:00:00-05:00,168.64999389648438,168.9600067138672,167.72000122070312,168.6884002685547,7575733,0,0
2022-12-12 14:30:00-05:00,168.69500732421875,169.27000427246094,168.2100067138672,168.6925048828125,6916304,0,0
2022-12-12 15:00:00-05:00,168.6999969482422,168.88999938964844,167.75999450683594,168.0050048828125,7011151,0,0
2022-12-12 15:30:00-05:00,168.00999450683594,168.50999450683594,167.52000427246094,167.72999572753906,11654305,0,0
2022-12-13 09:30:00-05:00,174.8699951171875,175.0500030517578,169.27999877929688,169.3699951171875,29100118,0,0
2022-12-13 10:00:00-05:00,169.38999938964844,169.60000610351562,163.5,163.8300018310547,22950345,0,0
2022-12-13 10:30:00-05:00,163.8000030517578,164.52999877929688,161.3000030517578,162.07000732421875,17207663,0,0
2022-12-13 11:00:00-05:00,162.34219360351562,163.24000549316406,161.6999969482422,162.13999938964844,9472258,0,0
2022-12-13 11:30:00-05:00,162.13999938964844,162.8350067138672,158.6300048828125,159.74000549316406,14656875,0,0
2022-12-13 12:00:00-05:00,159.74000549316406,160.3699951171875,157.64010620117188,157.8699951171875,10656554,0,0
2022-12-13 12:30:00-05:00,157.8699951171875,159.5500030517578,156.91000366210938,159.39990234375,9503693,0,0
2022-12-13 13:00:00-05:00,159.39999389648438,162.25,159.1699981689453,162.13999938964844,10166107,0,0
2022-12-13 13:30:00-05:00,162.14999389648438,163.1999969482422,160.72000122070312,161.33799743652344,9148244,0,0
2022-12-13 14:00:00-05:00,161.3350067138672,161.8699951171875,160.3300018310547,161.49000549316406,6219815,0,0
2022-12-13 14:30:00-05:00,161.4980010986328,163.02999877929688,160.97999572753906,161.42999267578125,6633141,0,0
2022-12-13 15:00:00-05:00,161.38999938964844,161.4698944091797,159.92999267578125,161.27000427246094,7612419,0,0
2022-12-13 15:30:00-05:00,161.27000427246094,162.1999969482422,160.3800048828125,160.97999572753906,17795926,0,0
2022-12-14 09:30:00-05:00,159.25,161.6199951171875,157.33999633789062,159.4949951171875,26103181,0,0
2022-12-14 10:00:00-05:00,159.52999877929688,159.5399932861328,157.75,158.25860595703125,11238981,0,0
2022-12-14 10:30:00-05:00,158.27999877929688,158.32000732421875,155.8800048828125,156.5500030517578,12683157,0,0
2022-12-14 11:00:00-05:00,156.54989624023438,158.22999572753906,156.11000061035156,156.80990600585938,9637446,0,0
2022-12-14 11:30:00-05:00,156.7899932861328,159.39999389648438,156.67999267578125,158.9300994873047,7808750,0,0
2022-12-14 12:00:00-05:00,158.94000244140625,160.2100067138672,158.16000366210938,158.96400451660156,8837205,0,0
2022-12-14 12:30:00-05:00,158.9600067138672,160.04989624023438,158.9499969482422,159.39500427246094,6474250,0,0
2022-12-14 13:00:00-05:00,159.41000366210938,160.0500030517578,158.4250030517578,159.41639709472656,6011546,0,0
2022-12-14 13:30:00-05:00,159.41990661621094,160.1999969482422,159.38999938964844,159.7476043701172,6001082,0,0
2022-12-14 14:00:00-05:00,159.70249938964844,159.75,155.82000732421875,157.3300018310547,11283982,0,0
2022-12-14 14:30:00-05:00,157.3000030517578,157.73989868164062,155.30999755859375,156.38499450683594,10442236,0,0
2022-12-14 15:00:00-05:00,156.41000366210938,159.77000427246094,156.13999938964844,156.4600067138672,10076042,0,0
2022-12-14 15:30:00-05:00,156.4600067138672,157.8000030517578,156.02000427246094,156.8350067138672,11317747,0,0
2022-12-15 09:30:00-05:00,153.44000244140625,160.92990112304688,153.27999877929688,157.58990478515625,32809926,0,0
2022-12-15 10:00:00-05:00,157.59519958496094,159.99000549316406,156.35000610351562,159.3217010498047,14285731,0,0
2022-12-15 10:30:00-05:00,159.3000030517578,159.49000549316406,156.52000427246094,157.3695068359375,10183119,0,0
2022-12-15 11:00:00-05:00,157.38999938964844,158.39999389648438,156.91000366210938,157.35000610351562,7040395,0,0
2022-12-15 11:30:00-05:00,157.33009338378906,158.139892578125,156.27999877929688,157.0500030517578,6639114,0,0
2022-12-15 12:00:00-05:00,157.05999755859375,158.61000061035156,156.83999633789062,158.2100067138672,5919209,0,0
2022-12-15 12:30:00-05:00,158.22459411621094,158.64999389648438,157.52000427246094,158.3314971923828,5544592,0,0
2022-12-15 13:00:00-05:00,158.35000610351562,158.7899932861328,157.2949981689453,157.69000244140625,5058335,0,0
2022-12-15 13:30:00-05:00,157.68020629882812,158.2899932861328,157.0800018310547,157.35499572753906,5189984,0,0
2022-12-15 14:00:00-05:00,157.34750366210938,157.3699951171875,155.61000061035156,156.52000427246094,6356094,0,0
2022-12-15 14:30:00-05:00,156.52999877929688,158.0,156.5,157.72799682617188,5675380,0,0
2022-12-15 15:00:00-05:00,157.75,158.17999267578125,157.35000610351562,157.72169494628906,5470433,0,0
2022-12-15 15:30:00-05:00,157.7100067138672,158.1199951171875,157.2100067138672,157.7100067138672,7730355,0,0
2022-12-16 09:30:00-05:00,159.63499450683594,160.99000549316406,155.72000122070312,156.110107421875,18052635,0,0
2022-12-16 10:00:00-05:00,156.13999938964844,156.33999633789062,152.41000366210938,152.46180725097656,13420904,0,0
2022-12-16 10:30:00-05:00,152.47999572753906,152.58889770507812,151.2100067138672,151.91470336914062,11022969,0,0
2022-12-16 11:00:00-05:00,151.9199981689453,152.11000061035156,150.0399932861328,150.07000732421875,9813284,0,0
2022-12-16 11:30:00-05:00,150.07000732421875,151.5800018310547,150.0601043701172,150.3000030517578,9149812,0,0
2022-12-16 12:00:00-05:00,150.30250549316406,151.39990234375,150.11000061035156,150.88999938964844,6389697,0,0
2022-12-16 12:30:00-05:00,150.8800048828125,152.10000610351562,150.6999969482422,150.8885040283203,6857832,0,0
2022-12-16 13:00:00-05:00,150.87139892578125,151.39999389648438,150.622802734375,151.1699981689453,5075111,0,0
2022-12-16 13:30:00-05:00,151.19000244140625,151.63999938964844,150.35000610351562,150.55999755859375,5077601,0,0
2022-12-16 14:00:00-05:00,150.5500946044922,151.6199951171875,150.4499969482422,150.6199951171875,5783610,0,0
2022-12-16 14:30:00-05:00,150.6199951171875,151.52000427246094,150.22999572753906,151.2949981689453,5207144,0,0
2022-12-16 15:00:00-05:00,151.2949981689453,151.39999389648438,150.39999389648438,150.8000030517578,6321035,0,0
2022-12-16 15:30:00-05:00,150.80499267578125,151.77999877929688,150.14999389648438,150.19000244140625,10506320,0,0
2022-12-19 09:30:00-05:00,154.0,155.25,150.3300018310547,153.7971954345703,25766116,0,0
2022-12-19 10:00:00-05:00,153.8000030517578,154.4600067138672,150.52000427246094,151.57989501953125,11888347,0,0
2022-12-19 10:30:00-05:00,151.5500030517578,151.5998992919922,147.72000122070312,148.139892578125,13348027,0,0
2022-12-19 11:00:00-05:00,148.1300048828125,148.97940063476562,147.3699951171875,147.81500244140625,7650725,0,0
2022-12-19 11:30:00-05:00,147.8000030517578,147.8498992919922,146.00999450683594,146.05999755859375,7731137,0,0
2022-12-19 12:00:00-05:00,146.05999755859375,148.0,145.82000732421875,147.88499450683594,6687940,0,0
2022-12-19 12:30:00-05:00,147.89999389648438,151.1699981689453,147.80999755859375,150.7550048828125,10216767,0,0
2022-12-19 13:00:00-05:00,150.75570678710938,153.8800048828125,150.7469940185547,153.28500366210938,12127549,0,0
2022-12-19 13:30:00-05:00,153.289306640625,153.2899932861328,150.05999755859375,150.15939331054688,8952978,0,0
2022-12-19 14:00:00-05:00,150.13999938964844,150.7100067138672,149.14999389648438,149.19000244140625,7147535,0,0
2022-12-19 14:30:00-05:00,149.17999267578125,151.33999633789062,149.1699981689453,149.9600067138672,8005854,0,0
2022-12-19 15:00:00-05:00,149.96499633789062,150.38999938964844,149.4199981689453,149.5625,6514844,0,0
2022-12-19 15:30:00-05:00,149.56919860839844,150.5,149.13999938964844,149.875,9637803,0,0
2022-12-20 09:30:00-05:00,146.0500030517578,148.42999267578125,144.1699981689453,148.00999450683594,28124438,0,0
2022-12-20 10:00:00-05:00,147.98159790039062,148.47000122070312,145.3699951171875,145.86000061035156,12480100,0,0
2022-12-20 10:30:00-05:00,145.87989807128906,147.0,144.10000610351562,144.2100067138672,12060165,0,0
2022-12-20 11:00:00-05:00,144.22000122070312,144.3800048828125,141.80999755859375,142.24510192871094,15092572,0,0
2022-12-20 11:30:00-05:00,142.24000549316406,143.19000244140625,141.50999450683594,141.92999267578125,10708255,0,0
2022-12-20 12:00:00-05:00,141.9250946044922,142.97999572753906,141.5800018310547,141.86000061035156,7840951,0,0
2022-12-20 12:30:00-05:00,141.8715057373047,142.1999053955078,140.86000061035156,141.6781005859375,7998974,0,0
2022-12-20 13:00:00-05:00,141.67999267578125,142.22999572753906,140.80999755859375,141.77000427246094,7540343,0,0
2022-12-20 13:30:00-05:00,141.77999877929688,142.23939514160156,140.60000610351562,140.97000122070312,8035553,0,0
2022-12-20 14:00:00-05:00,140.97000122070312,141.80999755859375,140.75999450683594,140.99000549316406,6451075,0,0
2022-12-20 14:30:00-05:00,141.0,141.24000549316406,140.0800018310547,140.25,7785709,0,0
2022-12-20 15:00:00-05:00,140.2449951171875,140.57000732421875,139.85000610351562,140.35499572753906,9188201,0,0
2022-12-20 15:30:00-05:00,140.35000610351562,140.44000244140625,137.66000366210938,137.8300018310547,19365592,0,0
2022-12-21 09:30:00-05:00,139.3350067138672,141.25999450683594,135.88999938964844,138.99989318847656,35752331,0,0
2022-12-21 10:00:00-05:00,138.99000549316406,140.3000946044922,137.41000366210938,138.08999633789062,15500737,0,0
2022-12-21 10:30:00-05:00,138.11000061035156,139.9199981689453,137.58999633789062,139.3300018310547,12266752,0,0
2022-12-21 11:00:00-05:00,139.32000732421875,139.5500030517578,138.00999450683594,138.5,7853651,0,0
2022-12-21 11:30:00-05:00,138.49000549316406,139.1699981689453,137.86000061035156,138.72999572753906,6658990,0,0
2022-12-21 12:00:00-05:00,138.77000427246094,138.8300018310547,136.3800048828125,137.23500061035156,9421109,0,0
2022-12-21 12:30:00-05:00,137.22000122070312,139.52000427246094,137.2100067138672,139.05499267578125,8842991,0,0
2022-12-21 13:00:00-05:00,139.05499267578125,139.42999267578125,138.0500030517578,138.3332977294922,5914744,0,0
2022-12-21 13:30:00-05:00,138.3249969482422,139.0399932861328,138.00999450683594,138.99000549316406,5797868,0,0
2022-12-21 14:00:00-05:00,138.99000549316406,140.75,138.98500061035156,139.50999450683594,10931230,0,0
2022-12-21 14:30:00-05:00,139.52000427246094,139.64999389648438,138.32009887695312,138.74989318847656,6639965,0,0
2022-12-21 15:00:00-05:00,138.75,139.01499938964844,138.02999877929688,138.08009338378906,6351154,0,0
2022-12-21 15:30:00-05:00,138.08999633789062,138.54989624023438,137.22000122070312,137.50999450683594,10119808,0,0
2022-12-22 09:30:00-05:00,136.0,136.6300048828125,132.27999877929688,133.375,26835620,0,0
2022-12-22 10:00:00-05:00,133.375,133.5500030517578,131.3195037841797,131.32000732421875,14757235,0,0
2022-12-22 10:30:00-05:00,131.3242950439453,131.3376007080078,128.25,128.27000427246094,22084988,0,0
2022-12-22 11:00:00-05:00,128.28990173339844,129.72999572753906,127.6999969482422,129.48500061035156,15389800,0,0
2022-12-22 11:30:00-05:00,129.47999572753906,129.58999633789062,126.1999969482422,126.48249816894533,14499296,0,0
2022-12-22 12:00:00-05:00,126.48999786376952,126.75,123.91000366210938,124.44499969482422,19721733,0,0
2022-12-22 12:30:00-05:00,124.4000015258789,125.6698989868164,122.26000213623048,124.82859802246094,20329947,0,0
2022-12-22 13:00:00-05:00,124.83989715576172,124.8499984741211,123.26000213623048,124.06999969482422,12550564,0,0
2022-12-22 13:30:00-05:00,124.06099700927734,125.59850311279295,123.5001983642578,124.79000091552734,11073907,0,0
2022-12-22 14:00:00-05:00,124.79000091552734,126.55999755859376,124.7300033569336,125.29720306396484,11671732,0,0
2022-12-22 14:30:00-05:00,125.31410217285156,125.31410217285156,123.86000061035156,124.88790130615234,8413926,0,0
2022-12-22 15:00:00-05:00,124.87999725341795,126.79000091552734,124.66999816894533,126.19869995117188,10721016,0,0
2022-12-22 15:30:00-05:00,126.19950103759766,126.4800033569336,124.75,125.34500122070312,12982869,0,0
2022-12-23 09:30:00-05:00,126.37000274658205,126.5999984741211,121.0199966430664,121.97480010986328,35983616,0,0
2022-12-23 10:00:00-05:00,121.9800033569336,125.38500213623048,121.3499984741211,124.7300033569336,20787524,0,0
2022-12-23 10:30:00-05:00,124.7300033569336,128.61729431152344,122.4000015258789,122.49169921875,27470043,0,0
2022-12-23 11:00:00-05:00,122.51000213623048,125.5,121.62999725341795,123.80999755859376,15789220,0,0
2022-12-23 11:30:00-05:00,123.80799865722656,124.44000244140624,122.4000015258789,122.97200012207033,9244827,0,0
2022-12-23 12:00:00-05:00,122.9800033569336,125.0199966430664,122.80999755859376,124.66999816894533,8193369,0,0
2022-12-23 12:30:00-05:00,124.66100311279295,125.76000213623048,123.56999969482422,124.32250213623048,7681155,0,0
2022-12-23 13:00:00-05:00,124.33000183105467,124.68990325927734,123.5,124.17250061035156,5182245,0,0
2022-12-23 13:30:00-05:00,124.16999816894533,125.21990203857422,124.12000274658205,124.3000030517578,6017993,0,0
2022-12-23 14:00:00-05:00,124.29000091552734,124.5999984741211,123.8000030517578,124.19499969482422,4751333,0,0
2022-12-23 14:30:00-05:00,124.1999969482422,125.0,124.1500015258789,124.65879821777344,4798387,0,0
2022-12-23 15:00:00-05:00,124.66000366210938,124.87000274658205,123.76000213623048,124.05999755859376,5806739,0,0
2022-12-23 15:30:00-05:00,124.0500030517578,124.23999786376952,122.51000213623048,123.12999725341795,11752733,0,0
2022-12-27 09:30:00-05:00,117.49500274658205,119.66999816894533,114.75,115.05010223388672,41327295,0,0
2022-12-27 10:00:00-05:00,115.05999755859376,116.50990295410156,114.12000274658205,114.95999908447266,21022588,0,0
2022-12-27 10:30:00-05:00,114.95999908447266,115.6999969482422,113.6999969482422,113.94000244140624,17294607,0,0
2022-12-27 11:00:00-05:00,113.9250030517578,114.1500015258789,111.8499984741211,113.17469787597656,18127898,0,0
2022-12-27 11:30:00-05:00,113.21089935302734,113.97000122070312,112.5,112.67990112304688,11909611,0,0
2022-12-27 12:00:00-05:00,112.68990325927734,112.9000015258789,111.5999984741211,112.36009979248048,11907141,0,0
2022-12-27 12:30:00-05:00,112.36000061035156,113.75,112.33999633789062,113.11499786376952,11784407,0,0
2022-12-27 13:00:00-05:00,113.12000274658205,113.56999969482422,112.37999725341795,112.79119873046876,8526941,0,0
2022-12-27 13:30:00-05:00,112.80989837646484,113.02999877929688,111.94000244140624,112.79499816894533,9330114,0,0
2022-12-27 14:00:00-05:00,112.8000030517578,113.35990142822266,112.1500015258789,112.41999816894533,7405599,0,0
2022-12-27 14:30:00-05:00,112.43000030517578,112.7300033569336,111.86000061035156,111.98999786376952,8198384,0,0
2022-12-27 15:00:00-05:00,111.9800033569336,112.06999969482422,111.04000091552734,111.21309661865234,10629038,0,0
